0.000000000000000000e+00,4.926543682813644409e-03
4.166666666666666609e-03,4.533933941274881363e-03
8.333333333333333218e-03,4.151866771280765533e-03
1.250000000000000069e-02,3.779953112825751305e-03
1.666666666666666644e-02,3.417791333049535751e-03
2.083333333333333218e-02,3.064967924728989601e-03
2.500000000000000139e-02,2.721062162891030312e-03
2.916666666666666713e-02,2.385649131610989571e-03
3.333333333333333287e-02,2.058306010439991951e-03
3.749999999999999861e-02,1.738615916110575199e-03
4.166666666666666435e-02,1.426172908395528793e-03
4.583333333333333010e-02,1.120588858611881733e-03
5.000000000000000278e-02,8.214965346269309521e-04
5.416666666666666852e-02,5.285539664328098297e-04
5.833333333333333426e-02,2.414469781797379255e-04
6.250000000000000000e-02,-4.010778866359032691e-05
6.666666666666666574e-02,-3.163626533932983875e-04
7.083333333333333148e-02,-5.875378847122192383e-04
7.499999999999999722e-02,-8.538225083611905575e-04
7.916666666666666297e-02,-1.115375082008540630e-03
8.333333333333332871e-02,-1.372325583361089230e-03
8.749999999999999445e-02,-1.624776399694383144e-03
9.166666666666666019e-02,-1.872804597951471806e-03
9.583333333333332593e-02,-2.116464078426361084e-03
1.000000000000000056e-01,-2.355786506086587906e-03
1.041666666666666713e-01,-2.590784104540944099e-03
1.083333333333333370e-01,-2.821450587362051010e-03
1.125000000000000028e-01,-3.047763369977474213e-03
1.166666666666666685e-01,-3.269684500992298126e-03
1.208333333333333343e-01,-3.487161127850413322e-03
1.250000000000000000e-01,-3.700128523632884026e-03
1.291666666666666519e-01,-3.908509854227304459e-03
1.333333333333333315e-01,-4.112215712666511536e-03
1.375000000000000111e-01,-4.311148077249526978e-03
1.416666666666666630e-01,-4.505197983235120773e-03
1.458333333333333426e-01,-4.694247152656316757e-03
1.499999999999999944e-01,-4.878168925642967224e-03
1.541666666666666741e-01,-5.056827329099178314e-03
1.583333333333333259e-01,-5.230078473687171936e-03
1.625000000000000056e-01,-5.397771019488573074e-03
1.666666666666666574e-01,-5.559743847697973251e-03
1.708333333333333370e-01,-5.715828854590654373e-03
1.749999999999999889e-01,-5.865850485861301422e-03
1.791666666666666685e-01,-6.009623873978853226e-03
1.833333333333333204e-01,-6.146957166492938995e-03
1.875000000000000000e-01,-6.277649197727441788e-03
1.916666666666666519e-01,-6.401491351425647736e-03
1.958333333333333315e-01,-6.518265698105096817e-03
2.000000000000000111e-01,-6.627746392041444778e-03
2.041666666666666630e-01,-6.729697808623313904e-03
2.083333333333333426e-01,-6.823875941336154938e-03
2.124999999999999944e-01,-6.910027470439672470e-03
2.166666666666666741e-01,-6.987889297306537628e-03
2.208333333333333259e-01,-7.057190407067537308e-03
2.250000000000000056e-01,-7.117649540305137634e-03
2.291666666666666574e-01,-7.168977055698633194e-03
2.333333333333333370e-01,-7.210875395685434341e-03
2.374999999999999889e-01,-7.243040483444929123e-03
2.416666666666666685e-01,-7.265162654221057892e-03
2.458333333333333204e-01,-7.276928983628749847e-03
2.500000000000000000e-01,-7.278026081621646881e-03
2.541666666666666519e-01,-7.268144749104976654e-03
2.583333333333333037e-01,-7.246983703225851059e-03
2.625000000000000111e-01,-7.214257493615150452e-03
2.666666666666666630e-01,-7.169703021645545959e-03
2.708333333333333148e-01,-7.113089319318532944e-03
2.750000000000000222e-01,-7.044228259474039078e-03
2.791666666666666741e-01,-6.962982937693595886e-03
2.833333333333333259e-01,-6.869281642138957977e-03
2.874999999999999778e-01,-6.763123907148838043e-03
2.916666666666666852e-01,-6.644588895142078400e-03
2.958333333333333370e-01,-6.513836327940225601e-03
2.999999999999999889e-01,-6.371108815073966980e-03
3.041666666666666408e-01,-6.216724403202533722e-03
3.083333333333333481e-01,-6.051069125533103943e-03
3.125000000000000000e-01,-5.874585825949907303e-03
3.166666666666666519e-01,-5.687762983143329620e-03
3.208333333333333037e-01,-5.491124931722879410e-03
3.250000000000000111e-01,-5.285216961055994034e-03
3.291666666666666630e-01,-5.070601589977741241e-03
3.333333333333333148e-01,-4.847846925258636475e-03
3.375000000000000222e-01,-4.617522004991769791e-03
3.416666666666666741e-01,-4.380193073302507401e-03
3.458333333333333259e-01,-4.136419855058193207e-03
3.499999999999999778e-01,-3.886752994731068611e-03
3.541666666666666852e-01,-3.631734056398272514e-03
3.583333333333333370e-01,-3.371893893927335739e-03
3.624999999999999889e-01,-3.107751952484250069e-03
3.666666666666666408e-01,-2.839817898347973824e-03
3.708333333333333481e-01,-2.568590687587857246e-03
3.750000000000000000e-01,-2.294559497386217117e-03
3.791666666666666519e-01,-2.018204890191555023e-03
3.833333333333333037e-01,-1.739999046549201012e-03
3.875000000000000111e-01,-1.460406929254531860e-03
3.916666666666666630e-01,-1.179886865429580212e-03
3.958333333333333148e-01,-8.988917106762528419e-04
4.000000000000000222e-01,-6.178696057759225368e-04
4.041666666666666741e-01,-3.372648789081722498e-04
4.083333333333333259e-01,-5.751904609496705234e-05
4.124999999999999778e-01,2.209280064562335610e-04
4.166666666666666852e-01,4.976376076228916645e-04
4.208333333333333370e-01,7.721707806922495365e-04
4.249999999999999889e-01,1.044086995534598827e-03
4.291666666666666408e-01,1.312944223172962666e-03
4.333333333333333481e-01,1.578296418301761150e-03
4.375000000000000000e-01,1.839692937210202217e-03
4.416666666666666519e-01,2.096677199006080627e-03
4.458333333333333037e-01,2.348785754293203354e-03
4.500000000000000111e-01,2.595545724034309387e-03
4.541666666666666630e-01,2.836474217474460602e-03
4.583333333333333148e-01,3.071075771003961563e-03
4.624999999999999667e-01,3.298840019851922989e-03
4.666666666666666741e-01,3.519241232424974442e-03
4.708333333333333259e-01,3.731732955202460289e-03
4.749999999999999778e-01,3.935746848583221436e-03
4.791666666666666852e-01,4.130689892917871475e-03
4.833333333333333370e-01,4.315937403589487076e-03
4.874999999999999889e-01,4.490832798182964325e-03
4.916666666666666408e-01,4.654679447412490845e-03
4.958333333333333481e-01,4.806734621524810791e-03
5.000000000000000000e-01,4.946204833686351776e-03
5.041666666666666519e-01,5.072237458080053329e-03
5.083333333333333037e-01,5.183913279324769974e-03
5.124999999999999556e-01,5.280241370201110840e-03
5.166666666666666075e-01,5.360154435038566589e-03
5.208333333333333703e-01,5.422516725957393646e-03
5.250000000000000222e-01,5.466145928949117661e-03
5.291666666666666741e-01,5.489871837198734283e-03
5.333333333333333259e-01,5.492646247148513794e-03
5.374999999999999778e-01,5.473722238093614578e-03
5.416666666666666297e-01,5.432864185422658920e-03
5.458333333333332815e-01,5.370489321649074554e-03
5.500000000000000444e-01,5.287618376314640045e-03
5.541666666666666963e-01,5.185666959732770920e-03
5.583333333333333481e-01,5.066196434199810028e-03
5.625000000000000000e-01,4.930744878947734833e-03
5.666666666666666519e-01,4.780740477144718170e-03
5.708333333333333037e-01,4.617470316588878632e-03
5.749999999999999556e-01,4.442084114998579025e-03
5.791666666666666075e-01,4.255605395883321762e-03
5.833333333333333703e-01,4.058947321027517319e-03
5.875000000000000222e-01,3.852927591651678085e-03
5.916666666666666741e-01,3.638284979388117790e-03
5.958333333333333259e-01,3.415687475353479385e-03
5.999999999999999778e-01,3.185745328664779663e-03
6.041666666666666297e-01,2.949017565697431564e-03
6.083333333333332815e-01,2.706019440665841103e-03
6.125000000000000444e-01,2.457228256389498711e-03
6.166666666666666963e-01,2.203087788075208664e-03
6.208333333333333481e-01,1.944012008607387543e-03
6.250000000000000000e-01,1.680390327237546444e-03
6.291666666666666519e-01,1.412588404491543770e-03
6.333333333333333037e-01,1.140951877459883690e-03
6.374999999999999556e-01,8.658078731968998909e-04
6.416666666666666075e-01,5.874674534425139427e-04
6.458333333333333703e-01,3.062265750486403704e-04
6.500000000000000222e-01,2.236845466541126370e-05
6.541666666666666741e-01,-2.638360892888158560e-04
6.583333333333333259e-01,-5.521269049495458603e-04
6.624999999999999778e-01,-8.422542596235871315e-04
6.666666666666666297e-01,-1.133976969867944717e-03
6.708333333333332815e-01,-1.427062205038964748e-03
6.750000000000000444e-01,-1.721285050734877586e-03
6.791666666666666963e-01,-2.016426762565970421e-03
6.833333333333333481e-01,-2.312275348231196404e-03
6.875000000000000000e-01,-2.608624519780278206e-03
6.916666666666666519e-01,-2.905273344367742538e-03
6.958333333333333037e-01,-3.202025312930345535e-03
6.999999999999999556e-01,-3.498688573017716408e-03
7.041666666666666075e-01,-3.795075230300426483e-03
7.083333333333333703e-01,-4.091001115739345551e-03
7.125000000000000222e-01,-4.386284854263067245e-03
7.166666666666666741e-01,-4.680748563259840012e-03
7.208333333333333259e-01,-4.974217619746923447e-03
7.249999999999999778e-01,-5.266517866402864456e-03
7.291666666666666297e-01,-5.557478871196508408e-03
7.333333333333332815e-01,-5.846931599080562592e-03
7.375000000000000444e-01,-6.134708877652883530e-03
7.416666666666666963e-01,-6.420644931495189667e-03
7.458333333333333481e-01,-6.704574916511774063e-03
7.500000000000000000e-01,-6.986334454268217087e-03
7.541666666666666519e-01,-7.265761494636535645e-03
7.583333333333333037e-01,-7.542692590504884720e-03
7.624999999999999556e-01,-7.816965691745281219e-03
7.666666666666666075e-01,-8.088419213891029358e-03
7.708333333333333703e-01,-8.356891572475433350e-03
7.750000000000000222e-01,-8.622219786047935486e-03
7.791666666666666741e-01,-8.884240873157978058e-03
7.833333333333333259e-01,-9.142792783677577972e-03
7.874999999999999778e-01,-9.397712536156177521e-03
7.916666666666666297e-01,-9.648833423852920532e-03
7.958333333333332815e-01,-9.895991533994674683e-03
8.000000000000000444e-01,-1.013902015984058380e-02
8.041666666666666963e-01,-1.037774980068206787e-02
8.083333333333333481e-01,-1.061201188713312149e-02
8.125000000000000000e-01,-1.084163598716259003e-02
8.166666666666666519e-01,-1.106644794344902039e-02
8.208333333333333037e-01,-1.128627266734838486e-02
8.249999999999999556e-01,-1.150093507021665573e-02
8.291666666666666075e-01,-1.171025540679693222e-02
8.333333333333333703e-01,-1.191405206918716431e-02
8.375000000000000222e-01,-1.211214158684015274e-02
8.416666666666666741e-01,-1.230433862656354904e-02
8.458333333333333259e-01,-1.249045412987470627e-02
8.499999999999999778e-01,-1.267029624432325363e-02
8.541666666666666297e-01,-1.284367218613624573e-02
8.583333333333332815e-01,-1.301038358360528946e-02
8.624999999999999334e-01,-1.317023206502199173e-02
8.666666666666666963e-01,-1.332301553338766098e-02
8.708333333333333481e-01,-1.346852816641330719e-02
8.750000000000000000e-01,-1.360656134784221649e-02
8.791666666666666519e-01,-1.373690459877252579e-02
8.833333333333333037e-01,-1.385934464633464813e-02
8.874999999999999556e-01,-1.397366449236869812e-02
8.916666666666666075e-01,-1.407964713871479034e-02
8.958333333333333703e-01,-1.417706906795501709e-02
9.000000000000000222e-01,-1.426570862531661987e-02
9.041666666666666741e-01,-1.434534136205911636e-02
9.083333333333333259e-01,-1.441574096679687500e-02
9.124999999999999778e-01,-1.447668019682168961e-02
9.166666666666666297e-01,-1.452793087810277939e-02
9.208333333333332815e-01,-1.456926669925451279e-02
9.249999999999999334e-01,-1.460046134889125824e-02
9.291666666666666963e-01,-1.462128758430480957e-02
9.333333333333333481e-01,-1.463152281939983368e-02
9.375000000000000000e-01,-1.463094633072614670e-02
9.416666666666666519e-01,-1.461934298276901245e-02
9.458333333333333037e-01,-1.459650136530399323e-02
9.499999999999999556e-01,-1.456221379339694977e-02
9.541666666666666075e-01,-1.451628468930721283e-02
9.583333333333333703e-01,-1.445852220058441162e-02
9.625000000000000222e-01,-1.438874565064907074e-02
9.666666666666666741e-01,-1.430678647011518478e-02
9.708333333333333259e-01,-1.421248447149991989e-02
9.749999999999999778e-01,-1.410569529980421066e-02
9.791666666666666297e-01,-1.398628670722246170e-02
9.833333333333332815e-01,-1.385414320975542068e-02
9.874999999999999334e-01,-1.370916236191987991e-02
9.916666666666666963e-01,-1.355126034468412399e-02
9.958333333333333481e-01,-1.338036917150020599e-02
1.000000000000000000e+00,-1.319643668830394745e-02
1.004166666666666652e+00,-1.299943216145038605e-02
1.008333333333333304e+00,-1.278933696448802948e-02
1.012499999999999956e+00,-1.256615296006202698e-02
1.016666666666666607e+00,-1.232989691197872162e-02
1.020833333333333259e+00,-1.208060421049594879e-02
1.024999999999999911e+00,-1.181832328438758850e-02
1.029166666666666563e+00,-1.154311839491128922e-02
1.033333333333333215e+00,-1.125506591051816940e-02
1.037500000000000089e+00,-1.095425803214311600e-02
1.041666666666666741e+00,-1.064079627394676208e-02
1.045833333333333393e+00,-1.031479332596063614e-02
1.050000000000000044e+00,-9.976373054087162018e-03
1.054166666666666696e+00,-9.625666774809360504e-03
1.058333333333333348e+00,-9.262813255190849304e-03
1.062500000000000000e+00,-8.887959644198417664e-03
1.066666666666666652e+00,-8.501257747411727905e-03
1.070833333333333304e+00,-8.102864027023315430e-03
1.074999999999999956e+00,-7.692941464483737946e-03
1.079166666666666607e+00,-7.271653041243553162e-03
1.083333333333333259e+00,-6.839167326688766479e-03
1.087499999999999911e+00,-6.395653821527957916e-03
1.091666666666666563e+00,-5.941283889114856720e-03
1.095833333333333215e+00,-5.476230755448341370e-03
1.100000000000000089e+00,-5.000667180866003036e-03
1.104166666666666741e+00,-4.514766391366720200e-03
1.108333333333333393e+00,-4.018701612949371338e-03
1.112500000000000044e+00,-3.512646071612834930e-03
1.116666666666666696e+00,-2.996771829202771187e-03
1.120833333333333348e+00,-2.471250249072909355e-03
1.125000000000000000e+00,-1.936250948347151279e-03
1.129166666666666652e+00,-1.391943427734076977e-03
1.133333333333333304e+00,-8.384941611438989639e-04
1.137499999999999956e+00,-2.760688075795769691e-04
1.141666666666666607e+00,2.951685455627739429e-04
1.145833333333333259e+00,8.750560227781534195e-04
1.149999999999999911e+00,1.463433494791388512e-03
1.154166666666666563e+00,2.060143044218420982e-03
1.158333333333333215e+00,2.665028674528002739e-03
1.162500000000000089e+00,3.277936019003391266e-03
1.166666666666666741e+00,3.898713737726211548e-03
1.170833333333333393e+00,4.527211654931306839e-03
1.175000000000000044e+00,5.163281690329313278e-03
1.179166666666666696e+00,5.806779488921165466e-03
1.183333333333333348e+00,6.457560230046510696e-03
1.187500000000000000e+00,7.115483749657869339e-03
1.191666666666666652e+00,7.780409883707761765e-03
1.195833333333333304e+00,8.452201262116432190e-03
1.199999999999999956e+00,9.130723774433135986e-03
1.204166666666666607e+00,9.815843775868415833e-03
1.208333333333333259e+00,1.050742994993925095e-02
1.212499999999999911e+00,1.120535377413034439e-02
1.216666666666666563e+00,1.190948672592639923e-02
1.220833333333333215e+00,1.261970307677984238e-02
1.225000000000000089e+00,1.333588175475597382e-02
1.229166666666666741e+00,1.405789796262979507e-02
1.233333333333333393e+00,1.478563342243432999e-02
1.237500000000000044e+00,1.551896892488002777e-02
1.241666666666666696e+00,1.625778898596763611e-02
1.245833333333333348e+00,1.700197719037532806e-02
1.250000000000000000e+00,1.775142177939414978e-02
1.254166666666666652e+00,1.850600913166999817e-02
1.258333333333333304e+00,1.926563121378421783e-02
1.262499999999999956e+00,2.003017812967300415e-02
1.266666666666666607e+00,2.079954184591770172e-02
1.270833333333333259e+00,2.157361619174480438e-02
1.274999999999999911e+00,2.235229685902595520e-02
1.279166666666666563e+00,2.313548140227794647e-02
1.283333333333333215e+00,2.392306737601757050e-02
1.287500000000000089e+00,2.471495233476161957e-02
1.291666666666666741e+00,2.551103942096233368e-02
1.295833333333333393e+00,2.631122618913650513e-02
1.300000000000000044e+00,2.711541578173637390e-02
1.304166666666666696e+00,2.792351506650447845e-02
1.308333333333333348e+00,2.873542532324790955e-02
1.312500000000000000e+00,2.955105155706405640e-02
1.316666666666666652e+00,3.037030063569545746e-02
1.320833333333333304e+00,3.119308128952980042e-02
1.324999999999999956e+00,3.201929852366447449e-02
1.329166666666666607e+00,3.284886106848716736e-02
1.333333333333333259e+00,3.368168324232101440e-02
1.337499999999999911e+00,3.451766818761825562e-02
1.341666666666666563e+00,3.535672649741172791e-02
1.345833333333333215e+00,3.619877249002456665e-02
1.350000000000000089e+00,3.704372048377990723e-02
1.354166666666666741e+00,3.789147362112998962e-02
1.358333333333333393e+00,3.874195367097854614e-02
1.362500000000000044e+00,3.959506750106811523e-02
1.366666666666666696e+00,4.045072942972183228e-02
1.370833333333333348e+00,4.130885004997253418e-02
1.375000000000000000e+00,4.216935113072395325e-02
1.379166666666666652e+00,4.303213953971862793e-02
1.383333333333333304e+00,4.389712959527969360e-02
1.387499999999999956e+00,4.476423561573028564e-02
1.391666666666666607e+00,4.563337564468383789e-02
1.395833333333333259e+00,4.650445654988288879e-02
1.399999999999999911e+00,4.737740010023117065e-02
1.404166666666666563e+00,4.825211316347122192e-02
1.408333333333333215e+00,4.912851378321647644e-02
1.412500000000000089e+00,5.000651627779006958e-02
1.416666666666666741e+00,5.088602751493453979e-02
1.420833333333333393e+00,5.176696926355361938e-02
1.425000000000000044e+00,5.264924466609954834e-02
1.429166666666666696e+00,5.353277549147605896e-02
1.433333333333333348e+00,5.441746488213539124e-02
1.437500000000000000e+00,5.530322715640068054e-02
1.441666666666666652e+00,5.618997290730476379e-02
1.445833333333333304e+00,5.707761645317077637e-02
1.449999999999999956e+00,5.796605721116065979e-02
1.454166666666666607e+00,5.885521322488784790e-02
1.458333333333333259e+00,5.974498763680458069e-02
1.462499999999999911e+00,6.063528731465339661e-02
1.466666666666666563e+00,6.152601912617683411e-02
1.470833333333333215e+00,6.241708621382713318e-02
1.475000000000000089e+00,6.330839544534683228e-02
1.479166666666666741e+00,6.419984996318817139e-02
1.483333333333333393e+00,6.509134918451309204e-02
1.487500000000000044e+00,6.598279625177383423e-02
1.491666666666666696e+00,6.687408685684204102e-02
1.495833333333333348e+00,6.776512414216995239e-02
1.500000000000000000e+00,6.865579634904861450e-02
1.504166666666666652e+00,6.954600661993026733e-02
1.508333333333333304e+00,7.043565064668655396e-02
1.512499999999999956e+00,7.132460922002792358e-02
1.516666666666666607e+00,7.221277803182601929e-02
1.520833333333333259e+00,7.310004532337188721e-02
1.524999999999999911e+00,7.398630678653717041e-02
1.529166666666666563e+00,7.487143576145172119e-02
1.533333333333333215e+00,7.575531303882598877e-02
1.537500000000000089e+00,7.663783431053161621e-02
1.541666666666666741e+00,7.751885801553726196e-02
1.545833333333333393e+00,7.839827984571456909e-02
1.550000000000000044e+00,7.927596569061279297e-02
1.554166666666666696e+00,8.015178143978118896e-02
1.558333333333333348e+00,8.102560043334960938e-02
1.562500000000000000e+00,8.189729601144790649e-02
1.566666666666666652e+00,8.276671916246414185e-02
1.570833333333333304e+00,8.363374322652816772e-02
1.574999999999999956e+00,8.449821919202804565e-02
1.579166666666666607e+00,8.535999804735183716e-02
1.583333333333333259e+00,8.621893823146820068e-02
1.587499999999999911e+00,8.707488328218460083e-02
1.591666666666666563e+00,8.792769163846969604e-02
1.595833333333333215e+00,8.877718448638916016e-02
1.600000000000000089e+00,8.962320536375045776e-02
1.604166666666666741e+00,9.046559780836105347e-02
1.608333333333333393e+00,9.130418300628662109e-02
1.612500000000000044e+00,9.213878959417343140e-02
1.616666666666666696e+00,9.296924620866775513e-02
1.620833333333333348e+00,9.379535168409347534e-02
1.625000000000000000e+00,9.461692720651626587e-02
1.629166666666666652e+00,9.543378651142120361e-02
1.633333333333333304e+00,9.624572098255157471e-02
1.637499999999999956e+00,9.705253690481185913e-02
1.641666666666666607e+00,9.785402566194534302e-02
1.645833333333333259e+00,9.864996373653411865e-02
1.649999999999999911e+00,9.944013506174087524e-02
1.654166666666666563e+00,1.002243161201477051e-01
1.658333333333333215e+00,1.010022684931755066e-01
1.662499999999999867e+00,1.017737612128257751e-01
1.666666666666666741e+00,1.025385409593582153e-01
1.670833333333333393e+00,1.032963544130325317e-01
1.675000000000000044e+00,1.040469408035278320e-01
1.679166666666666696e+00,1.047900319099426270e-01
1.683333333333333348e+00,1.055253446102142334e-01
1.687500000000000000e+00,1.062525883316993713e-01
1.691666666666666652e+00,1.069714725017547607e-01
1.695833333333333304e+00,1.076816916465759277e-01
1.699999999999999956e+00,1.083829253911972046e-01
1.704166666666666607e+00,1.090748459100723267e-01
1.708333333333333259e+00,1.097571179270744324e-01
1.712499999999999911e+00,1.104293838143348694e-01
1.716666666666666563e+00,1.110912859439849854e-01
1.720833333333333215e+00,1.117424517869949341e-01
1.724999999999999867e+00,1.123824790120124817e-01
1.729166666666666741e+00,1.130109727382659912e-01
1.733333333333333393e+00,1.136275082826614380e-01
1.737500000000000044e+00,1.142316535115242004e-01
1.741666666666666696e+00,1.148229464888572693e-01
1.745833333333333348e+00,1.154009252786636353e-01
1.750000000000000000e+00,1.159650981426239014e-01
1.754166666666666652e+00,1.165149584412574768e-01
1.758333333333333304e+00,1.170499771833419800e-01
1.762499999999999956e+00,1.175695955753326416e-01
1.766666666666666607e+00,1.180732548236846924e-01
1.770833333333333259e+00,1.185603588819503784e-01
1.774999999999999911e+00,1.190302819013595581e-01
1.779166666666666563e+00,1.194824054837226868e-01
1.783333333333333215e+00,1.199160516262054443e-01
1.787499999999999867e+00,1.203305572271347046e-01
1.791666666666666741e+00,1.207252219319343567e-01
1.795833333333333393e+00,1.210993230342864990e-01
1.800000000000000044e+00,1.214521601796150208e-01
1.804166666666666696e+00,1.217829883098602295e-01
1.808333333333333348e+00,1.220911070704460144e-01
1.812500000000000000e+00,1.223758012056350708e-01
1.816666666666666652e+00,1.226363927125930786e-01
1.820833333333333304e+00,1.228722631931304932e-01
1.824999999999999956e+00,1.230828464031219482e-01
1.829166666666666607e+00,1.232676431536674500e-01
1.833333333333333259e+00,1.234262883663177490e-01
1.837499999999999911e+00,1.235584840178489685e-01
1.841666666666666563e+00,1.236640959978103638e-01
1.845833333333333215e+00,1.237431019544601440e-01
1.849999999999999867e+00,1.237956061959266663e-01
1.854166666666666741e+00,1.238218322396278381e-01
1.858333333333333393e+00,1.238221079111099243e-01
1.862500000000000044e+00,1.237968504428863525e-01
1.866666666666666696e+00,1.237465515732765198e-01
1.870833333333333348e+00,1.236717477440834045e-01
1.875000000000000000e+00,1.235730201005935669e-01
1.879166666666666652e+00,1.234509572386741638e-01
1.883333333333333304e+00,1.233061850070953369e-01
1.887499999999999956e+00,1.231393069028854370e-01
1.891666666666666607e+00,1.229509338736534119e-01
1.895833333333333259e+00,1.227416545152664185e-01
1.899999999999999911e+00,1.225120648741722107e-01
1.904166666666666563e+00,1.222627311944961548e-01
1.908333333333333215e+00,1.219941973686218262e-01
1.912499999999999867e+00,1.217070147395133972e-01
1.916666666666666741e+00,1.214016824960708618e-01
1.920833333333333393e+00,1.210787147283554077e-01
1.925000000000000044e+00,1.207385808229446411e-01
1.929166666666666696e+00,1.203817576169967651e-01
1.933333333333333348e+00,1.200086921453475952e-01
1.937500000000000000e+00,1.196198090910911560e-01
1.941666666666666652e+00,1.192155405879020691e-01
1.945833333333333304e+00,1.187962889671325684e-01
1.949999999999999956e+00,1.183624416589736938e-01
1.954166666666666607e+00,1.179143786430358887e-01
1.958333333333333259e+00,1.174524724483489990e-01
1.962499999999999911e+00,1.169770807027816772e-01
1.966666666666666563e+00,1.164885535836219788e-01
1.970833333333333215e+00,1.159872189164161682e-01
1.974999999999999867e+00,1.154734119772911072e-01
1.979166666666666741e+00,1.149474382400512695e-01
1.983333333333333393e+00,1.144096255302429199e-01
1.987500000000000044e+00,1.138602644205093384e-01
1.991666666666666696e+00,1.132996603846549988e-01
1.995833333333333348e+00,1.127280816435813904e-01
2.000000000000000000e+00,1.121458262205123901e-01
2.004166666666666430e+00,1.115531548857688904e-01
2.008333333333333304e+00,1.109503433108329773e-01
2.012500000000000178e+00,1.103376522660255432e-01
2.016666666666666607e+00,1.097153350710868835e-01
2.020833333333333481e+00,1.090836375951766968e-01
2.024999999999999911e+00,1.084428131580352783e-01
2.029166666666666785e+00,1.077930927276611328e-01
2.033333333333333215e+00,1.071347147226333618e-01
2.037500000000000089e+00,1.064679101109504700e-01
2.041666666666666519e+00,1.057929024100303650e-01
2.045833333333333393e+00,1.051099151372909546e-01
2.049999999999999822e+00,1.044191569089889526e-01
2.054166666666666696e+00,1.037208512425422668e-01
2.058333333333333126e+00,1.030151993036270142e-01
2.062500000000000000e+00,1.023024022579193115e-01
2.066666666666666430e+00,1.015826687216758728e-01
2.070833333333333304e+00,1.008561924099922180e-01
2.075000000000000178e+00,1.001231670379638672e-01
2.079166666666666607e+00,9.938377887010574341e-02
2.083333333333333481e+00,9.863822162151336670e-02
2.087499999999999911e+00,9.788666665554046631e-02
2.091666666666666785e+00,9.712930768728256226e-02
2.095833333333333215e+00,9.636630117893218994e-02
2.100000000000000089e+00,9.559784084558486938e-02
2.104166666666666519e+00,9.482408314943313599e-02
2.108333333333333393e+00,9.404519945383071899e-02
2.112499999999999822e+00,9.326135367155075073e-02
2.116666666666666696e+00,9.247270226478576660e-02
2.120833333333333126e+00,9.167940914630889893e-02
2.125000000000000000e+00,9.088162332773208618e-02
2.129166666666666430e+00,9.007950127124786377e-02
2.133333333333333304e+00,8.927318453788757324e-02
2.137500000000000178e+00,8.846282213926315308e-02
2.141666666666666607e+00,8.764856308698654175e-02
2.145833333333333481e+00,8.683054149150848389e-02
2.149999999999999911e+00,8.600889146327972412e-02
2.154166666666666785e+00,8.518374711275100708e-02
2.158333333333333215e+00,8.435525000095367432e-02
2.162500000000000089e+00,8.352352678775787354e-02
2.166666666666666519e+00,8.268868923187255859e-02
2.170833333333333393e+00,8.185087889432907104e-02
2.174999999999999822e+00,8.101020753383636475e-02
2.179166666666666696e+00,8.016678690910339355e-02
2.183333333333333126e+00,7.932074368000030518e-02
2.187500000000000000e+00,7.847218960523605347e-02
2.191666666666666430e+00,7.762122154235839844e-02
2.195833333333333304e+00,7.676795125007629395e-02
2.200000000000000178e+00,7.591249048709869385e-02
2.204166666666666607e+00,7.505492866039276123e-02
2.208333333333333481e+00,7.419537007808685303e-02
2.212499999999999911e+00,7.333390414714813232e-02
2.216666666666666785e+00,7.247063517570495605e-02
2.220833333333333215e+00,7.160563766956329346e-02
2.225000000000000089e+00,7.073900848627090454e-02
2.229166666666666519e+00,6.987082213163375854e-02
2.233333333333333393e+00,6.900116056203842163e-02
2.237499999999999822e+00,6.813011318445205688e-02
2.241666666666666696e+00,6.725773960351943970e-02
2.245833333333333126e+00,6.638411432504653931e-02
2.250000000000000000e+00,6.550930440425872803e-02
2.254166666666666430e+00,6.463337689638137817e-02
2.258333333333333304e+00,6.375639885663986206e-02
2.262500000000000178e+00,6.287841498851776123e-02
2.266666666666666607e+00,6.199949234724044800e-02
2.270833333333333481e+00,6.111967563629150391e-02
2.274999999999999911e+00,6.023901328444480896e-02
2.279166666666666785e+00,5.935754626989364624e-02
2.283333333333333215e+00,5.847532302141189575e-02
2.287500000000000089e+00,5.759237334132194519e-02
2.291666666666666519e+00,5.670873448252677917e-02
2.295833333333333393e+00,5.582442879676818848e-02
2.299999999999999822e+00,5.493948981165885925e-02
2.304166666666666696e+00,5.405393242835998535e-02
2.308333333333333126e+00,5.316777899861335754e-02
2.312500000000000000e+00,5.228103324770927429e-02
2.316666666666666430e+00,5.139371007680892944e-02
2.320833333333333304e+00,5.050581321120262146e-02
2.325000000000000178e+00,4.961733520030975342e-02
2.329166666666666607e+00,4.872827604413032532e-02
2.333333333333333481e+00,4.783862084150314331e-02
2.337499999999999911e+00,4.694835469126701355e-02
2.341666666666666785e+00,4.605745524168014526e-02
2.345833333333333215e+00,4.516589269042015076e-02
2.350000000000000089e+00,4.427364096045494080e-02
2.354166666666666519e+00,4.338065162301063538e-02
2.358333333333333393e+00,4.248688742518424988e-02
2.362499999999999822e+00,4.159229248762130737e-02
2.366666666666666696e+00,4.069680720567703247e-02
2.370833333333333126e+00,3.980036824941635132e-02
2.375000000000000000e+00,3.890290111303329468e-02
2.379166666666666430e+00,3.800432756543159485e-02
2.383333333333333304e+00,3.710455819964408875e-02
2.387500000000000178e+00,3.620349615812301636e-02
2.391666666666666607e+00,3.530103340744972229e-02
2.395833333333333481e+00,3.439705818891525269e-02
2.399999999999999911e+00,3.349144384264945984e-02
2.404166666666666785e+00,3.258405625820159912e-02
2.408333333333333215e+00,3.167475014925003052e-02
2.412500000000000089e+00,3.076337091624736786e-02
2.416666666666666519e+00,2.984974719583988190e-02
2.420833333333333393e+00,2.893370017409324646e-02
2.424999999999999822e+00,2.801503427326679230e-02
2.429166666666666696e+00,2.709354273974895477e-02
2.433333333333333126e+00,2.616900019347667694e-02
2.437500000000000000e+00,2.524117007851600647e-02
2.441666666666666430e+00,2.430979534983634949e-02
2.445833333333333304e+00,2.337460219860076904e-02
2.450000000000000178e+00,2.243530191481113434e-02
2.454166666666666607e+00,2.149157784879207611e-02
2.458333333333333481e+00,2.054309658706188202e-02
2.462499999999999911e+00,1.958950236439704895e-02
2.466666666666666785e+00,1.863041147589683533e-02
2.470833333333333215e+00,1.766541600227355957e-02
2.475000000000000089e+00,1.669408194720745087e-02
2.479166666666666519e+00,1.571593619883060455e-02
2.483333333333333393e+00,1.473048422485589981e-02
2.487499999999999822e+00,1.373718678951263428e-02
2.491666666666666696e+00,1.273547019809484482e-02
2.495833333333333126e+00,1.172472070902585983e-02
2.500000000000000000e+00,1.070427708327770233e-02
2.504166666666666430e+00,9.673430584371089935e-03
2.508333333333333304e+00,8.631421253085136414e-03
2.512500000000000178e+00,7.577429525554180145e-03
2.516666666666666607e+00,6.510574836283922195e-03
2.520833333333333481e+00,5.429907236248254776e-03
2.524999999999999911e+00,4.334404133260250092e-03
2.529166666666666785e+00,3.222959116101264954e-03
2.533333333333333215e+00,2.094377763569355011e-03
2.537500000000000089e+00,9.473667014390230179e-04
2.541666666666666519e+00,-2.194761618738994002e-04
2.545833333333333393e+00,-1.407672185450792313e-03
2.549999999999999822e+00,-2.618875587359070778e-03
2.554166666666666696e+00,-3.854887327179312706e-03
2.558333333333333126e+00,-5.117672029882669449e-03
2.562500000000000000e+00,-6.409375462681055069e-03
2.566666666666666430e+00,-7.732347119599580765e-03
2.570833333333333304e+00,-9.089164435863494873e-03
2.575000000000000178e+00,-1.048265770077705383e-02
2.579166666666666607e+00,-1.191594731062650681e-02
2.583333333333333481e+00,-1.339247543364763260e-02
2.587499999999999911e+00,-1.491605211049318314e-02
2.591666666666666785e+00,-1.649090647697448730e-02
2.595833333333333215e+00,-1.812173798680305481e-02
2.600000000000000089e+00,-1.981379650533199310e-02
2.604166666666666519e+00,-2.157294750213623047e-02
2.608333333333333393e+00,-2.340577915310859680e-02
2.612499999999999822e+00,-2.531972900032997131e-02
2.616666666666666696e+00,-2.732326835393905640e-02
2.620833333333333126e+00,-2.942601591348648071e-02
2.625000000000000000e+00,-3.163892403244972229e-02
2.629166666666666430e+00,-3.397452458739280701e-02
2.633333333333333304e+00,-3.644721582531929016e-02
2.637500000000000178e+00,-3.907361999154090881e-02
2.641666666666666607e+00,-4.187303036451339722e-02
2.645833333333333481e+00,-4.486796259880065918e-02
2.649999999999999911e+00,-4.808484017848968506e-02
2.654166666666666785e+00,-5.155487358570098877e-02
2.658333333333333215e+00,-5.531517043709754944e-02
2.662500000000000089e+00,-5.941016599535942078e-02
2.666666666666666519e+00,-6.389350444078445435e-02
2.670833333333333393e+00,1.978238224983215332e-01
2.674999999999999822e+00,4.685593247413635254e-01
2.679166666666666696e+00,5.750038623809814453e-01
2.683333333333333126e+00,6.196406483650207520e-01
2.687500000000000000e+00,6.410772204399108887e-01
2.691666666666666430e+00,6.507741212844848633e-01
2.695833333333333304e+00,6.529421210289001465e-01
2.700000000000000178e+00,6.493349671363830566e-01
2.704166666666666607e+00,6.406508684158325195e-01
2.708333333333333481e+00,6.270056366920471191e-01
2.712499999999999911e+00,6.209962964057922363e-01
2.716666666666666785e+00,6.235617995262145996e-01
2.720833333333333215e+00,6.245788335800170898e-01
2.725000000000000089e+00,6.258615851402282715e-01
2.729166666666666519e+00,6.268252134323120117e-01
2.733333333333333393e+00,6.227809786796569824e-01
2.737499999999999822e+00,6.007747650146484375e-01
2.741666666666666696e+00,-2.943404316902160645e-01
2.745833333333333126e+00,-3.617417514324188232e-01
2.750000000000000000e+00,-3.825049102306365967e-01
2.754166666666666430e+00,-3.956381678581237793e-01
2.758333333333333304e+00,-4.070585668087005615e-01
2.762500000000000178e+00,-4.183249473571777344e-01
2.766666666666666607e+00,-4.301284253597259521e-01
2.770833333333333481e+00,-4.429502189159393311e-01
2.774999999999999911e+00,-4.572572112083435059e-01
2.779166666666666785e+00,-4.741011559963226318e-01
2.783333333333333215e+00,-4.938120841979980469e-01
2.787500000000000089e+00,-5.170076489448547363e-01
2.791666666666666519e+00,-5.448000431060791016e-01
2.795833333333333393e+00,-5.824369192123413086e-01
2.799999999999999822e+00,-6.346074342727661133e-01
2.804166666666666696e+00,-7.126482725143432617e-01
2.808333333333333126e+00,-8.332870602607727051e-01
2.812500000000000000e+00,-9.949745535850524902e-01
2.816666666666666430e+00,8.550279140472412109e-01
2.820833333333333304e+00,7.519646286964416504e-01
2.825000000000000178e+00,6.850258708000183105e-01
2.829166666666666607e+00,6.386788487434387207e-01
2.833333333333333481e+00,6.038054227828979492e-01
2.837499999999999911e+00,5.755378007888793945e-01
2.841666666666666785e+00,5.511347651481628418e-01
2.845833333333333215e+00,5.288984179496765137e-01
2.850000000000000089e+00,5.076107978820800781e-01
2.854166666666666519e+00,4.861627519130706787e-01
2.858333333333333393e+00,4.653311371803283691e-01
2.862499999999999822e+00,4.431226253509521484e-01
2.866666666666666696e+00,4.183593392372131348e-01
2.870833333333333126e+00,3.885694742202758789e-01
2.875000000000000000e+00,3.477008044719696045e-01
2.879166666666666430e+00,2.772298455238342285e-01
2.883333333333333304e+00,1.043282225728034973e-01
2.887500000000000178e+00,-2.438802719116210938e-01
2.891666666666666607e+00,-4.246458113193511963e-01
2.895833333333333481e+00,-4.939068853855133057e-01
2.899999999999999911e+00,-5.298036932945251465e-01
2.904166666666666785e+00,-5.521652102470397949e-01
2.908333333333333215e+00,-5.673980712890625000e-01
2.912500000000000089e+00,-5.781028866767883301e-01
2.916666666666666519e+00,-5.855014324188232422e-01
2.920833333333333393e+00,-5.902153253555297852e-01
2.924999999999999822e+00,-5.925611257553100586e-01
2.929166666666666696e+00,-5.934086441993713379e-01
2.933333333333333126e+00,-6.025494933128356934e-01
2.937500000000000000e+00,-6.122736334800720215e-01
2.941666666666666430e+00,-6.244644522666931152e-01
2.945833333333333304e+00,-6.404295563697814941e-01
2.950000000000000178e+00,-6.596595048904418945e-01
2.954166666666666607e+00,-6.879560947418212891e-01
2.958333333333333481e+00,-7.464528679847717285e-01
2.962499999999999911e+00,-9.872582554817199707e-01
2.966666666666666785e+00,6.637942194938659668e-01
2.970833333333333215e+00,5.509455204010009766e-01
2.975000000000000089e+00,5.099484920501708984e-01
2.979166666666666519e+00,4.900198280811309814e-01
2.983333333333333393e+00,4.791785776615142822e-01
2.987499999999999822e+00,4.747857153415679932e-01
2.991666666666666696e+00,4.735365211963653564e-01
2.995833333333333126e+00,4.745895862579345703e-01
