0.000000000000000000e+00,0.000000000000000000e+00
4.166666666666666609e-03,-9.423930197954177856e-02
8.333333333333333218e-03,-8.215002715587615967e-02
1.250000000000000069e-02,-6.972676143050193787e-02
1.666666666666666644e-02,-5.733339115977287292e-02
2.083333333333333218e-02,-4.555229097604751587e-02
2.500000000000000139e-02,-3.492794930934906006e-02
2.916666666666666713e-02,-2.567047253251075745e-02
3.333333333333333287e-02,-1.768162474036216736e-02
3.749999999999999861e-02,-1.074979081749916077e-02
4.166666666666666435e-02,-4.667937755584716797e-03
4.583333333333333010e-02,7.326900959014892578e-04
5.000000000000000278e-02,5.582906305789947510e-03
5.416666666666666852e-02,9.982455521821975708e-03
5.833333333333333426e-02,1.400895416736602783e-02
6.250000000000000000e-02,1.772275194525718689e-02
6.666666666666666574e-02,2.117207273840904236e-02
7.083333333333333148e-02,2.439552918076515198e-02
7.499999999999999722e-02,2.742502838373184204e-02
7.916666666666666297e-02,3.028644248843193054e-02
8.333333333333332871e-02,3.300206735730171204e-02
8.749999999999999445e-02,3.559017553925514221e-02
9.166666666666666019e-02,3.806680440902709961e-02
9.583333333333332593e-02,4.044558852910995483e-02
1.000000000000000056e-01,4.273831844329833984e-02
1.041666666666666713e-01,4.495505243539810181e-02
1.083333333333333370e-01,4.710517823696136475e-02
1.125000000000000028e-01,4.919674247503280640e-02
1.166666666666666685e-01,5.123656243085861206e-02
1.208333333333333343e-01,5.323123186826705933e-02
1.250000000000000000e-01,5.518656224012374878e-02
1.291666666666666519e-01,5.710735917091369629e-02
1.333333333333333315e-01,5.899887531995773315e-02
1.375000000000000111e-01,6.086491048336029053e-02
1.416666666666666630e-01,6.270937621593475342e-02
1.458333333333333426e-01,6.453618407249450684e-02
1.499999999999999944e-01,6.634812802076339722e-02
1.541666666666666741e-01,6.814878433942794800e-02
1.583333333333333259e-01,6.994072347879409790e-02
1.625000000000000056e-01,7.172629237174987793e-02
1.666666666666666574e-01,7.350839674472808838e-02
1.708333333333333370e-01,7.528938353061676025e-02
1.749999999999999889e-01,7.707059383392333984e-02
1.791666666666666685e-01,7.885515689849853516e-02
1.833333333333333204e-01,8.064396679401397705e-02
1.875000000000000000e-01,8.243992924690246582e-02
1.916666666666666519e-01,8.424393832683563232e-02
1.958333333333333315e-01,8.605822920799255371e-02
2.000000000000000111e-01,8.788369596004486084e-02
2.041666666666666630e-01,8.972257375717163086e-02
2.083333333333333426e-01,9.157620370388031006e-02
2.124999999999999944e-01,9.344570338726043701e-02
2.166666666666666741e-01,9.533286094665527344e-02
2.208333333333333259e-01,9.723857045173645020e-02
2.250000000000000056e-01,9.916484355926513672e-02
2.291666666666666574e-01,1.011123508214950562e-01
2.333333333333333370e-01,1.030826568603515625e-01
2.374999999999999889e-01,1.050768792629241943e-01
2.416666666666666685e-01,1.070961356163024902e-01
2.458333333333333204e-01,1.091422140598297119e-01
2.500000000000000000e-01,1.112155616283416748e-01
2.541666666666666519e-01,1.133179664611816406e-01
2.583333333333333037e-01,1.154503226280212402e-01
2.625000000000000111e-01,1.176139712333679199e-01
2.666666666666666630e-01,1.198098063468933105e-01
2.708333333333333148e-01,1.220396161079406738e-01
2.750000000000000222e-01,1.243034005165100098e-01
2.791666666666666741e-01,1.266042888164520264e-01
2.833333333333333259e-01,1.289413869380950928e-01
2.874999999999999778e-01,1.313169300556182861e-01
2.916666666666666852e-01,1.337327063083648682e-01
2.958333333333333370e-01,1.361887156963348389e-01
2.999999999999999889e-01,1.386871933937072754e-01
3.041666666666666408e-01,1.412285864353179932e-01
3.083333333333333481e-01,1.438142359256744385e-01
3.125000000000000000e-01,1.464468240737915039e-01
3.166666666666666519e-01,1.491254568099975586e-01
3.208333333333333037e-01,1.518532633781433105e-01
3.250000000000000111e-01,1.546306908130645752e-01
3.291666666666666630e-01,1.574595272541046143e-01
3.333333333333333148e-01,1.603402197360992432e-01
3.375000000000000222e-01,1.632758975028991699e-01
3.416666666666666741e-01,1.662661135196685791e-01
3.458333333333333259e-01,1.693144440650939941e-01
3.499999999999999778e-01,1.724199950695037842e-01
3.541666666666666852e-01,1.755863428115844727e-01
3.583333333333333370e-01,1.788134872913360596e-01
3.624999999999999889e-01,1.821050047874450684e-01
3.666666666666666408e-01,1.854604482650756836e-01
3.708333333333333481e-01,1.888829469680786133e-01
3.750000000000000000e-01,1.923733949661254883e-01
3.791666666666666519e-01,1.959335803985595703e-01
3.833333333333333037e-01,1.995652914047241211e-01
3.875000000000000111e-01,2.032721042633056641e-01
3.916666666666666630e-01,2.070531249046325684e-01
3.958333333333333148e-01,2.109119296073913574e-01
4.000000000000000222e-01,2.148503065109252930e-01
4.041666666666666741e-01,2.188709378242492676e-01
4.083333333333333259e-01,2.229738235473632812e-01
4.124999999999999778e-01,2.271634340286254883e-01
4.166666666666666852e-01,2.314406633377075195e-01
4.208333333333333370e-01,2.358081936836242676e-01
4.249999999999999889e-01,2.402678132057189941e-01
4.291666666666666408e-01,2.448239922523498535e-01
4.333333333333333481e-01,2.494758367538452148e-01
4.375000000000000000e-01,2.542287111282348633e-01
4.416666666666666519e-01,2.590835094451904297e-01
4.458333333333333037e-01,2.640438079833984375e-01
4.500000000000000111e-01,2.691122889518737793e-01
4.541666666666666630e-01,2.742898464202880859e-01
4.583333333333333148e-01,2.795827388763427734e-01
4.624999999999999667e-01,2.849909663200378418e-01
4.666666666666666741e-01,2.905198931694030762e-01
4.708333333333333259e-01,2.961695194244384766e-01
4.749999999999999778e-01,3.019461035728454590e-01
4.791666666666666852e-01,3.078523278236389160e-01
4.833333333333333370e-01,3.138890862464904785e-01
4.874999999999999889e-01,3.200635313987731934e-01
4.916666666666666408e-01,3.263765573501586914e-01
4.958333333333333481e-01,3.328317403793334961e-01
5.000000000000000000e-01,3.394353389739990234e-01
5.041666666666666519e-01,3.461873531341552734e-01
5.083333333333333037e-01,3.530949354171752930e-01
5.124999999999999556e-01,3.601598739624023438e-01
5.166666666666666075e-01,3.673875331878662109e-01
5.208333333333333703e-01,3.747832775115966797e-01
5.250000000000000222e-01,3.823471069335937500e-01
5.291666666666666741e-01,3.900861740112304688e-01
5.333333333333333259e-01,3.980076313018798828e-01
5.374999999999999778e-01,4.061114788055419922e-01
5.416666666666666297e-01,4.144030809402465820e-01
5.458333333333332815e-01,4.228895902633666992e-01
5.500000000000000444e-01,4.315727949142456055e-01
5.541666666666666963e-01,4.404598474502563477e-01
5.583333333333333481e-01,4.495561122894287109e-01
5.625000000000000000e-01,4.588651657104492188e-01
5.666666666666666519e-01,4.683905839920043945e-01
5.708333333333333037e-01,4.781395196914672852e-01
5.749999999999999556e-01,4.881191253662109375e-01
5.791666666666666075e-01,4.983311891555786133e-01
5.833333333333333703e-01,5.087828636169433594e-01
5.875000000000000222e-01,5.194777250289916992e-01
5.916666666666666741e-01,5.304247140884399414e-01
5.958333333333333259e-01,5.416238307952880859e-01
5.999999999999999778e-01,5.530875921249389648e-01
6.041666666666666297e-01,5.648142099380493164e-01
6.083333333333332815e-01,5.768126249313354492e-01
6.125000000000000444e-01,5.890882015228271484e-01
6.166666666666666963e-01,6.016427278518676758e-01
6.208333333333333481e-01,6.144869327545166016e-01
6.250000000000000000e-01,6.276208162307739258e-01
6.291666666666666519e-01,6.410515308380126953e-01
6.333333333333333037e-01,6.547808647155761719e-01
6.374999999999999556e-01,6.688141822814941406e-01
6.416666666666666075e-01,6.831586360931396484e-01
6.458333333333333703e-01,6.978142261505126953e-01
6.500000000000000222e-01,7.127845287322998047e-01
6.541666666666666741e-01,7.280695438385009766e-01
6.583333333333333259e-01,7.436800003051757812e-01
6.624999999999999778e-01,7.596123218536376953e-01
6.666666666666666297e-01,7.758665084838867188e-01
6.708333333333332815e-01,7.924389839172363281e-01
6.750000000000000444e-01,8.093404769897460938e-01
6.791666666666666963e-01,8.265602588653564453e-01
6.833333333333333481e-01,8.441054821014404297e-01
6.875000000000000000e-01,8.619582653045654297e-01
6.916666666666666519e-01,8.801293373107910156e-01
6.958333333333333037e-01,8.986043930053710938e-01
6.999999999999999556e-01,9.173798561096191406e-01
7.041666666666666075e-01,9.364485740661621094e-01
7.083333333333333703e-01,9.557998180389404297e-01
7.125000000000000222e-01,9.754157066345214844e-01
7.166666666666666741e-01,9.952962398529052734e-01
7.208333333333333259e-01,1.015412807464599609e+00
7.249999999999999778e-01,1.035761833190917969e+00
7.291666666666666297e-01,1.056311130523681641e+00
7.333333333333332815e-01,1.077049970626831055e+00
7.375000000000000444e-01,1.097949743270874023e+00
7.416666666666666963e-01,1.118988990783691406e+00
7.458333333333333481e-01,1.140131950378417969e+00
7.500000000000000000e-01,1.161353588104248047e+00
7.541666666666666519e-01,1.182618141174316406e+00
7.583333333333333037e-01,1.203893423080444336e+00
7.624999999999999556e-01,1.225143671035766602e+00
7.666666666666666075e-01,1.246311664581298828e+00
7.708333333333333703e-01,1.267368793487548828e+00
7.750000000000000222e-01,1.288268566131591797e+00
7.791666666666666741e-01,1.308953762054443359e+00
7.833333333333333259e-01,1.329381465911865234e+00
7.874999999999999778e-01,1.349494457244873047e+00
7.916666666666666297e-01,1.369235515594482422e+00
7.958333333333332815e-01,2.292654275894165039e+01
8.000000000000000444e-01,2.536600112915039062e+01
8.041666666666666963e-01,2.427532196044921875e+01
8.083333333333333481e-01,2.043999195098876953e+01
8.125000000000000000e-01,1.612880229949951172e+01
8.166666666666666519e-01,1.262022972106933594e+01
8.208333333333333037e-01,1.009677886962890625e+01
8.249999999999999556e-01,8.360824584960937500e+00
8.291666666666666075e-01,7.191495895385742188e+00
8.333333333333333703e-01,6.428647041320800781e+00
8.375000000000000222e-01,5.972199440002441406e+00
8.416666666666666741e-01,5.768079757690429688e+00
8.458333333333333259e-01,-4.742016506195068359e+02
8.499999999999999778e-01,6.078300476074218750e+00
8.541666666666666297e-01,6.660547256469726562e+00
8.583333333333332815e-01,7.649874687194824219e+00
8.624999999999999334e-01,9.226999282836914062e+00
8.666666666666666963e-01,1.132344245910644531e+01
8.708333333333333481e-01,1.351394176483154297e+01
8.750000000000000000e-01,1.591003417968750000e+01
8.791666666666666519e-01,1.790608406066894531e+01
8.833333333333333037e-01,1.865921974182128906e+01
8.874999999999999556e-01,1.772505283355712891e+01
8.916666666666666075e-01,1.551380395889282227e+01
8.958333333333333703e-01,1.286411762237548828e+01
9.000000000000000222e-01,1.039471149444580078e+01
9.041666666666666741e-01,8.345110416412353516e+00
9.083333333333333259e-01,6.725163459777832031e+00
9.124999999999999778e-01,5.462247133255004883e+00
9.166666666666666297e-01,4.472930431365966797e+00
9.208333333333332815e-01,3.686445951461791992e+00
9.249999999999999334e-01,3.048241138458251953e+00
9.291666666666666963e-01,2.517399787902832031e+00
9.333333333333333481e-01,2.063001394271850586e+00
9.375000000000000000e-01,1.660827398300170898e+00
9.416666666666666519e-01,1.290589570999145508e+00
9.458333333333333037e-01,9.333908557891845703e-01
9.499999999999999556e-01,5.690574645996093750e-01
9.541666666666666075e-01,1.723444461822509766e-01
9.583333333333333703e-01,-2.932584285736083984e-01
9.625000000000000222e-01,-8.878862857818603516e-01
9.666666666666666741e-01,-1.722489595413208008e+00
9.708333333333333259e-01,-3.027030229568481445e+00
9.749999999999999778e-01,-5.346232652664184570e+00
9.791666666666666297e-01,-1.020021557807922363e+01
9.833333333333332815e-01,-2.256257414817810059e+01
9.874999999999999334e-01,-5.275026082992553711e+01
9.916666666666666963e-01,-5.945626258850097656e+01
9.958333333333333481e-01,-2.743500709533691406e+01
1.000000000000000000e+00,-1.228852272033691406e+01
1.004166666666666652e+00,-6.653466224670410156e+00
1.008333333333333304e+00,4.758342647552490234e+02
1.012499999999999956e+00,-2.901906967163085938e+00
1.016666666666666607e+00,-2.195134162902832031e+00
1.020833333333333259e+00,-1.777095794677734375e+00
1.024999999999999911e+00,-1.523809432983398438e+00
1.029166666666666563e+00,-1.372318267822265625e+00
1.033333333333333215e+00,-1.288361549377441406e+00
1.037500000000000089e+00,-1.252455711364746094e+00
1.041666666666666741e+00,-1.253428459167480469e+00
1.045833333333333393e+00,-1.285114288330078125e+00
1.050000000000000044e+00,-1.344795227050781250e+00
1.054166666666666696e+00,-1.432471275329589844e+00
1.058333333333333348e+00,-1.550674438476562500e+00
1.062500000000000000e+00,-1.704897880554199219e+00
1.066666666666666652e+00,-1.904397010803222656e+00
1.070833333333333304e+00,-2.164120674133300781e+00
1.074999999999999956e+00,-2.508201599121093750e+00
1.079166666666666607e+00,-2.976193428039550781e+00
1.083333333333333259e+00,-3.635716438293457031e+00
1.087499999999999911e+00,3.926897048950195312e+00
1.091666666666666563e+00,5.677771568298339844e+00
1.095833333333333215e+00,8.227086067199707031e+00
1.100000000000000089e+00,1.272168159484863281e+01
1.104166666666666741e+00,-4.602106904983520508e+02
1.108333333333333393e+00,2.857219219207763672e+01
1.112500000000000044e+00,3.188255310058593750e+01
1.116666666666666696e+00,2.530670642852783203e+01
1.120833333333333348e+00,1.636281967163085938e+01
1.125000000000000000e+00,1.001667022705078125e+01
1.129166666666666652e+00,6.111145019531250000e+00
1.133333333333333304e+00,3.678309917449951172e+00
1.137499999999999956e+00,2.080006599426269531e+00
1.141666666666666607e+00,-7.417917251586914062e-02
1.145833333333333259e+00,-1.685614585876464844e+00
1.149999999999999911e+00,-2.034358978271484375e+00
1.154166666666666563e+00,-2.329645156860351562e+00
1.158333333333333215e+00,-2.588961124420166016e+00
1.162500000000000089e+00,-2.823514938354492188e+00
1.166666666666666741e+00,-3.040881156921386719e+00
1.170833333333333393e+00,-3.246338367462158203e+00
1.175000000000000044e+00,-3.443799018859863281e+00
1.179166666666666696e+00,-4.047961235046386719e+00
1.183333333333333348e+00,-4.230294227600097656e+00
1.187500000000000000e+00,-4.478259086608886719e+00
1.191666666666666652e+00,-4.662694931030273438e+00
1.195833333333333304e+00,-4.852609634399414062e+00
1.199999999999999956e+00,-5.049877166748046875e+00
1.204166666666666607e+00,-5.256357192993164062e+00
1.208333333333333259e+00,-5.474009513854980469e+00
1.212499999999999911e+00,-5.704751014709472656e+00
1.216666666666666563e+00,-5.950326919555664062e+00
1.220833333333333215e+00,-6.212096214294433594e+00
1.225000000000000089e+00,-6.490716934204101562e+00
1.229166666666666741e+00,-6.785702705383300781e+00
1.233333333333333393e+00,-7.094907760620117188e+00
1.237500000000000044e+00,-7.413854598999023438e+00
1.241666666666666696e+00,-9.563827514648437500e+00
1.245833333333333348e+00,-1.106072902679443359e+01
1.250000000000000000e+00,-1.146486282348632812e+01
1.254166666666666652e+00,4.690433692932128906e+02
1.258333333333333304e+00,-9.971723556518554688e+00
1.262499999999999956e+00,-6.962356567382812500e+00
1.266666666666666607e+00,-5.414171218872070312e+00
1.270833333333333259e+00,-1.682596206665039062e+00
1.274999999999999911e+00,1.914010047912597656e+00
1.279166666666666563e+00,5.161643028259277344e+00
1.283333333333333215e+00,7.538752555847167969e+00
1.287500000000000089e+00,8.535690307617187500e+00
1.291666666666666741e+00,8.476667404174804688e+00
1.295833333333333393e+00,-4.720077896118164062e+02
1.300000000000000044e+00,7.070775032043457031e+00
1.304166666666666696e+00,5.854096412658691406e+00
1.308333333333333348e+00,4.507255554199218750e+00
1.312500000000000000e+00,3.160758018493652344e+00
1.316666666666666652e+00,2.897458076477050781e+00
1.320833333333333304e+00,1.608424186706542969e+00
1.324999999999999956e+00,4.269790649414062500e-01
1.329166666666666607e+00,1.989412307739257812e-01
1.333333333333333259e+00,-9.174728393554687500e-01
1.337499999999999911e+00,-1.959328651428222656e+00
1.341666666666666563e+00,-2.185392379760742188e+00
1.345833333333333215e+00,-3.281865119934082031e+00
1.350000000000000089e+00,-4.393887519836425781e+00
1.354166666666666741e+00,-5.526738166809082031e+00
1.358333333333333393e+00,-6.656355857849121094e+00
1.362500000000000044e+00,4.718260431289672852e+02
1.366666666666666696e+00,-8.697695732116699219e+00
1.370833333333333348e+00,-6.248645782470703125e+00
1.375000000000000000e+00,-1.406078338623046875e+00
1.379166666666666652e+00,3.725795745849609375e+00
1.383333333333333304e+00,7.004742622375488281e+00
1.387499999999999956e+00,-4.720478010177612305e+02
1.391666666666666607e+00,7.607989311218261719e+00
1.395833333333333259e+00,5.958952903747558594e+00
1.399999999999999911e+00,3.547482490539550781e+00
1.404166666666666563e+00,2.409982681274414062e+00
1.408333333333333215e+00,1.729488372802734375e-02
1.412500000000000089e+00,-1.224818229675292969e+00
1.416666666666666741e+00,-3.659162521362304688e+00
1.420833333333333393e+00,-4.954762458801269531e+00
1.425000000000000044e+00,-6.938552856445312500e+00
1.429166666666666696e+00,4.720716476440429688e+02
1.433333333333333348e+00,-7.378034591674804688e+00
1.437500000000000000e+00,-5.694122314453125000e+00
1.441666666666666652e+00,-3.285641670227050781e+00
1.445833333333333304e+00,-5.784273147583007812e-01
1.449999999999999956e+00,2.018494606018066406e+00
1.454166666666666607e+00,4.213557243347167969e+00
1.458333333333333259e+00,5.237960815429687500e+00
1.462499999999999911e+00,6.272563934326171875e+00
1.466666666666666563e+00,-4.735007143020629883e+02
1.470833333333333215e+00,5.802397727966308594e+00
1.475000000000000089e+00,5.201511383056640625e+00
1.479166666666666741e+00,4.415402412414550781e+00
1.483333333333333393e+00,3.482451438903808594e+00
1.487500000000000044e+00,1.424002647399902344e+00
1.491666666666666696e+00,3.876113891601562500e-01
1.495833333333333348e+00,-6.618261337280273438e-01
1.500000000000000000e+00,-1.724781990051269531e+00
1.504166666666666652e+00,-2.788639068603515625e+00
1.508333333333333304e+00,-3.826632499694824219e+00
1.512499999999999956e+00,-4.794559478759765625e+00
1.516666666666666607e+00,-5.827503204345703125e+00
1.520833333333333259e+00,4.738677406311035156e+02
1.524999999999999911e+00,-6.141786575317382812e+00
1.529166666666666563e+00,-5.161914825439453125e+00
1.533333333333333215e+00,-4.392070770263671875e+00
1.537500000000000089e+00,-2.295126914978027344e+00
1.541666666666666741e+00,-1.145997047424316406e+00
1.545833333333333393e+00,1.249608993530273438e+00
1.550000000000000044e+00,3.453984260559082031e+00
1.554166666666666696e+00,4.553532600402832031e+00
1.558333333333333348e+00,5.922474861145019531e+00
1.562500000000000000e+00,-4.737156343460083008e+02
1.566666666666666652e+00,6.222352981567382812e+00
1.570833333333333304e+00,5.179481506347656250e+00
1.574999999999999956e+00,3.362717628479003906e+00
1.579166666666666607e+00,2.290821075439453125e+00
1.583333333333333259e+00,4.006862640380859375e-02
1.587499999999999911e+00,-2.140703201293945312e+00
1.591666666666666563e+00,-3.276329040527343750e+00
1.595833333333333215e+00,-5.016617774963378906e+00
1.600000000000000089e+00,-6.041393280029296875e+00
1.604166666666666741e+00,4.738915729522705078e+02
1.608333333333333393e+00,-5.851993560791015625e+00
1.612500000000000044e+00,-4.442195892333984375e+00
1.616666666666666696e+00,-2.407350540161132812e+00
1.620833333333333348e+00,-1.169872283935546875e-01
1.625000000000000000e+00,2.151732444763183594e+00
1.629166666666666652e+00,4.056901931762695312e+00
1.633333333333333304e+00,4.955806732177734375e+00
1.637499999999999956e+00,5.880746841430664062e+00
1.641666666666666607e+00,-4.741309118270874023e+02
1.645833333333333259e+00,4.866914749145507812e+00
1.649999999999999911e+00,4.091391563415527344e+00
1.654166666666666563e+00,2.136454582214355469e+00
1.658333333333333215e+00,3.763675689697265625e-02
1.662499999999999867e+00,-1.096286773681640625e+00
1.666666666666666741e+00,-3.126583099365234375e+00
1.670833333333333393e+00,-4.704823493957519531e+00
1.675000000000000044e+00,-5.634098052978515625e+00
1.679166666666666696e+00,4.740797710418701172e+02
1.683333333333333348e+00,-5.458574295043945312e+00
1.687500000000000000e+00,-4.116997718811035156e+00
1.691666666666666652e+00,-2.199897766113281250e+00
1.695833333333333304e+00,2.228736877441406250e-02
1.699999999999999956e+00,2.255201339721679688e+00
1.704166666666666607e+00,4.161572456359863281e+00
1.708333333333333259e+00,5.493736267089843750e+00
1.712499999999999911e+00,-4.740191459655761719e+02
1.716666666666666563e+00,5.434784889221191406e+00
1.720833333333333215e+00,4.052939414978027344e+00
1.724999999999999867e+00,2.216749191284179688e+00
1.729166666666666741e+00,1.149058341979980469e+00
1.733333333333333393e+00,-1.037678718566894531e+00
1.737500000000000044e+00,-3.030109405517578125e+00
1.741666666666666696e+00,-4.597892761230468750e+00
1.745833333333333348e+00,-5.501046180725097656e+00
1.750000000000000000e+00,4.744966936111450195e+02
1.754166666666666652e+00,-4.643440246582031250e+00
1.758333333333333304e+00,-3.112349510192871094e+00
1.762499999999999956e+00,-1.134109497070312500e+00
1.766666666666666607e+00,1.001715660095214844e+00
1.770833333333333259e+00,2.989082336425781250e+00
1.774999999999999911e+00,4.575877189636230469e+00
1.779166666666666563e+00,-4.745307254791259766e+02
1.783333333333333215e+00,5.409564971923828125e+00
1.787499999999999867e+00,4.467072486877441406e+00
1.791666666666666741e+00,2.914037704467773438e+00
1.795833333333333393e+00,9.497451782226562500e-01
1.800000000000000044e+00,-1.142849922180175781e+00
1.804166666666666696e+00,-3.059606552124023438e+00
1.808333333333333348e+00,-4.595890045166015625e+00
1.812500000000000000e+00,4.745420265197753906e+02
1.816666666666666652e+00,-5.419549942016601562e+00
1.820833333333333304e+00,-4.562802314758300781e+00
1.824999999999999956e+00,-3.017377853393554688e+00
1.829166666666666607e+00,-9.881114959716796875e-01
1.833333333333333259e+00,1.216921806335449219e+00
1.837499999999999911e+00,3.305711746215820312e+00
1.841666666666666563e+00,5.196890830993652344e+00
1.845833333333333215e+00,-4.743209552764892578e+02
1.849999999999999867e+00,5.606961250305175781e+00
1.854166666666666741e+00,4.678516387939453125e+00
1.858333333333333393e+00,3.055701255798339844e+00
1.862500000000000044e+00,9.653091430664062500e-01
1.866666666666666696e+00,-1.239309310913085938e+00
1.870833333333333348e+00,-3.285198211669921875e+00
1.875000000000000000e+00,-4.925651550292968750e+00
1.879166666666666652e+00,-5.800194740295410156e+00
1.883333333333333304e+00,4.742426633834838867e+02
1.887499999999999956e+00,-4.879403114318847656e+00
1.891666666666666607e+00,-3.273797035217285156e+00
1.895833333333333259e+00,-1.219296455383300781e+00
1.899999999999999911e+00,9.339094161987304688e-01
1.904166666666666563e+00,2.944951057434082031e+00
1.908333333333333215e+00,4.528298377990722656e+00
1.912499999999999867e+00,5.369253158569335938e+00
1.916666666666666741e+00,-4.746312332153320312e+02
1.920833333333333393e+00,4.546065330505371094e+00
1.925000000000000044e+00,3.032212257385253906e+00
1.929166666666666696e+00,1.127314567565917969e+00
1.933333333333333348e+00,5.003929138183593750e-02
1.937500000000000000e+00,-1.982030868530273438e+00
1.941666666666666652e+00,-3.748340606689453125e+00
1.945833333333333304e+00,-4.922132492065429688e+00
1.949999999999999956e+00,4.746878671646118164e+02
1.954166666666666607e+00,-4.905381202697753906e+00
1.958333333333333259e+00,-3.705210685729980469e+00
1.962499999999999911e+00,-1.900348663330078125e+00
1.966666666666666563e+00,1.650094985961914062e-01
1.970833333333333215e+00,2.259550094604492188e+00
1.974999999999999867e+00,4.114766120910644531e+00
1.979166666666666741e+00,5.367865562438964844e+00
1.983333333333333393e+00,-4.746240234375000000e+02
1.987500000000000044e+00,4.541988372802734375e+00
1.991666666666666696e+00,2.974319458007812500e+00
1.995833333333333348e+00,1.005034446716308594e+00
2.000000000000000000e+00,-1.090550422668457031e+00
2.004166666666666430e+00,-3.080120086669921875e+00
2.008333333333333304e+00,-4.777464866638183594e+00
2.012500000000000178e+00,4.747936820983886719e+02
2.016666666666666607e+00,-4.831223487854003906e+00
2.020833333333333481e+00,-3.653497695922851562e+00
2.024999999999999911e+00,-1.914553642272949219e+00
2.029166666666666785e+00,8.949279785156250000e-02
2.033333333333333215e+00,2.833900451660156250e+00
2.037500000000000089e+00,4.227819442749023438e+00
2.041666666666666519e+00,-4.749770164489746094e+02
2.045833333333333393e+00,5.054955482482910156e+00
2.049999999999999822e+00,4.235057830810546875e+00
2.054166666666666696e+00,1.717457771301269531e+00
2.058333333333333126e+00,-1.690292358398437500e-01
2.062500000000000000e+00,-2.097101211547851562e+00
2.066666666666666430e+00,-3.775463104248046875e+00
2.070833333333333304e+00,-4.912405014038085938e+00
2.075000000000000178e+00,4.750548934936523438e+02
2.079166666666666607e+00,-4.142861366271972656e+00
2.083333333333333481e+00,-1.675901412963867188e+00
2.087499999999999911e+00,2.133178710937500000e-01
2.091666666666666785e+00,2.173905372619628906e+00
2.095833333333333215e+00,4.240093231201171875e+00
2.100000000000000089e+00,-4.749569320678710938e+02
2.104166666666666519e+00,4.482808113098144531e+00
2.108333333333333393e+00,3.340559005737304688e+00
2.112499999999999822e+00,1.687030792236328125e+00
2.116666666666666696e+00,-1.170201301574707031e+00
2.120833333333333126e+00,-2.956881523132324219e+00
2.125000000000000000e+00,-4.541544914245605469e+00
2.129166666666666430e+00,4.750375270843505859e+02
2.133333333333333304e+00,-4.564890861511230469e+00
2.137500000000000178e+00,-2.462797164916992188e+00
2.141666666666666607e+00,-6.853580474853515625e-01
2.145833333333333481e+00,2.098789215087890625e+00
2.149999999999999911e+00,3.705940246582031250e+00
2.154166666666666785e+00,4.852595329284667969e+00
2.158333333333333215e+00,-4.751381635665893555e+02
2.162500000000000089e+00,3.217492103576660156e+00
2.166666666666666519e+00,1.641669273376464844e+00
2.170833333333333393e+00,-1.102938652038574219e+00
2.174999999999999822e+00,-2.818121910095214844e+00
2.179166666666666696e+00,-4.369297027587890625e+00
2.183333333333333126e+00,4.752260828018188477e+02
2.187500000000000000e+00,-3.667688369750976562e+00
2.191666666666666430e+00,-2.355136871337890625e+00
2.195833333333333304e+00,2.882480621337890625e-01
2.200000000000000178e+00,2.108802795410156250e+00
2.204166666666666607e+00,4.069776535034179688e+00
2.208333333333333481e+00,-4.751548576354980469e+02
2.212499999999999911e+00,4.246058464050292969e+00
2.216666666666666785e+00,3.152532577514648438e+00
2.220833333333333215e+00,5.832338333129882812e-01
2.225000000000000089e+00,-1.321449279785156250e+00
2.229166666666666519e+00,-3.654427528381347656e+00
2.233333333333333393e+00,-4.770584106445312500e+00
2.237499999999999822e+00,4.752606153488159180e+02
2.241666666666666696e+00,-3.929243087768554688e+00
2.245833333333333126e+00,-1.564292907714843750e+00
2.250000000000000000e+00,3.277158737182617188e-01
2.254166666666666430e+00,2.952246665954589844e+00
2.258333333333333304e+00,4.374475479125976562e+00
2.262500000000000178e+00,-4.750283718109130859e+02
2.266666666666666607e+00,4.545550346374511719e+00
2.270833333333333481e+00,2.519059181213378906e+00
2.274999999999999911e+00,7.421922683715820312e-01
2.279166666666666785e+00,-2.010269165039062500e+00
2.283333333333333215e+00,-3.603415489196777344e+00
2.287500000000000089e+00,-4.711003303527832031e+00
2.291666666666666519e+00,4.753316259384155273e+02
2.295833333333333393e+00,-3.892235755920410156e+00
2.299999999999999822e+00,-1.575164794921875000e+00
2.304166666666666696e+00,2.737998962402343750e-01
2.308333333333333126e+00,2.803716659545898438e+00
2.312500000000000000e+00,4.173674583435058594e+00
2.316666666666666430e+00,-4.752875518798828125e+02
2.320833333333333304e+00,4.322047233581542969e+00
2.325000000000000178e+00,2.405948638916015625e+00
2.329166666666666607e+00,6.888484954833984375e-01
2.333333333333333481e+00,-1.958813667297363281e+00
2.337499999999999911e+00,-3.517484664916992188e+00
2.341666666666666785e+00,4.754217338562011719e+02
2.345833333333333215e+00,-4.533977508544921875e+00
2.350000000000000089e+00,-3.020710945129394531e+00
2.354166666666666519e+00,-1.474671363830566406e+00
2.358333333333333393e+00,1.248207092285156250e+00
2.362499999999999822e+00,2.980871200561523438e+00
2.366666666666666696e+00,4.576392173767089844e+00
2.370833333333333126e+00,-4.750663232803344727e+02
2.375000000000000000e+00,3.832955360412597656e+00
2.379166666666666430e+00,1.532249450683593750e+00
2.383333333333333304e+00,-3.098487854003906250e-01
2.387500000000000178e+00,-2.861781120300292969e+00
2.391666666666666607e+00,-4.243741035461425781e+00
2.395833333333333481e+00,4.752507591247558594e+02
2.399999999999999911e+00,-3.709988594055175781e+00
2.404166666666666785e+00,-2.398552894592285156e+00
2.408333333333333215e+00,2.552175521850585938e-01
2.412500000000000089e+00,2.050552368164062500e+00
2.416666666666666519e+00,4.013843536376953125e+00
2.420833333333333393e+00,-4.752657508850097656e+02
2.424999999999999822e+00,4.187707901000976562e+00
2.429166666666666696e+00,2.297830581665039062e+00
2.433333333333333126e+00,6.018447875976562500e-01
2.437500000000000000e+00,-2.002573013305664062e+00
2.441666666666666430e+00,-3.555507659912109375e+00
2.445833333333333304e+00,4.754285001754760742e+02
2.450000000000000178e+00,-4.055013656616210938e+00
2.454166666666666607e+00,-3.045487403869628906e+00
2.458333333333333481e+00,-5.635786056518554688e-01
2.462499999999999911e+00,1.246418952941894531e+00
2.466666666666666785e+00,3.526010513305664062e+00
2.470833333333333215e+00,-4.754734182357788086e+02
2.475000000000000089e+00,4.534606933593750000e+00
2.479166666666666519e+00,3.037676811218261719e+00
2.483333333333333393e+00,5.541658401489257812e-01
2.487499999999999822e+00,-1.250810623168945312e+00
2.491666666666666696e+00,-3.522405624389648438e+00
2.495833333333333126e+00,4.754903984069824219e+02
2.500000000000000000e+00,-4.514336585998535156e+00
2.504166666666666430e+00,-3.013658523559570312e+00
2.508333333333333304e+00,-5.533647537231445312e-01
2.512500000000000178e+00,1.240653991699218750e+00
2.516666666666666607e+00,3.498344421386718750e+00
2.520833333333333481e+00,-4.755065631866455078e+02
2.524999999999999911e+00,4.516296386718750000e+00
2.529166666666666785e+00,3.013000488281250000e+00
2.533333333333333215e+00,5.504751205444335938e-01
2.537500000000000089e+00,-1.245303153991699219e+00
2.541666666666666519e+00,-3.497700691223144531e+00
2.545833333333333393e+00,4.755137443542480469e+02
2.549999999999999822e+00,-4.500789642333984375e+00
2.554166666666666696e+00,-2.986636161804199219e+00
2.558333333333333126e+00,-5.445384979248046875e-01
2.562500000000000000e+00,1.245346069335937500e+00
2.566666666666666430e+00,3.489174842834472656e+00
2.570833333333333304e+00,-4.755077075958251953e+02
2.575000000000000178e+00,4.521532058715820312e+00
2.579166666666666607e+00,2.995705604553222656e+00
2.583333333333333481e+00,5.451250076293945312e-01
2.587499999999999911e+00,-1.253199577331542969e+00
2.591666666666666785e+00,-3.498859405517578125e+00
2.595833333333333215e+00,4.754942607879638672e+02
2.600000000000000089e+00,-4.525079727172851562e+00
2.604166666666666519e+00,-2.983675003051757812e+00
2.608333333333333393e+00,-5.501317977905273438e-01
2.612499999999999822e+00,1.246061325073242188e+00
2.616666666666666696e+00,3.484268188476562500e+00
2.620833333333333126e+00,-4.754946470260620117e+02
2.625000000000000000e+00,4.535808563232421875e+00
2.629166666666666430e+00,2.985634803771972656e+00
2.633333333333333304e+00,5.535507202148437500e-01
2.637500000000000178e+00,-1.243801116943359375e+00
2.641666666666666607e+00,-3.473381996154785156e+00
2.645833333333333481e+00,4.755031585693359375e+02
2.649999999999999911e+00,-4.515752792358398438e+00
2.654166666666666785e+00,-2.961544990539550781e+00
2.658333333333333215e+00,-5.524349212646484375e-01
2.662500000000000089e+00,1.241526603698730469e+00
2.666666666666666519e+00,3.463826179504394531e+00
2.670833333333333393e+00,-4.755007696151733398e+02
2.674999999999999822e+00,4.525480270385742188e+00
2.679166666666666696e+00,2.960486412048339844e+00
2.683333333333333126e+00,5.453395843505859375e-01
2.687500000000000000e+00,-1.253557205200195312e+00
2.691666666666666430e+00,-3.476743698120117188e+00
2.695833333333333304e+00,4.754828453063964844e+02
2.700000000000000178e+00,-4.529600143432617188e+00
2.704166666666666607e+00,-2.960171699523925781e+00
2.708333333333333481e+00,-5.511474609375000000e-01
2.712499999999999911e+00,1.253972053527832031e+00
2.716666666666666785e+00,3.484525680541992188e+00
2.720833333333333215e+00,-4.754594135284423828e+02
2.725000000000000089e+00,4.556322097778320312e+00
2.729166666666666519e+00,2.974891662597656250e+00
2.733333333333333393e+00,5.565977096557617188e-01
2.737499999999999822e+00,-1.250495910644531250e+00
2.741666666666666696e+00,-3.477773666381835938e+00
2.745833333333333126e+00,4.754692983627319336e+02
2.750000000000000000e+00,-4.530487060546875000e+00
2.754166666666666430e+00,-2.965836524963378906e+00
2.758333333333333304e+00,-5.664539337158203125e-01
2.762500000000000178e+00,1.235818862915039062e+00
2.766666666666666607e+00,3.457674980163574219e+00
2.770833333333333481e+00,-4.754828596115112305e+02
2.774999999999999911e+00,4.516682624816894531e+00
2.779166666666666785e+00,2.953290939331054688e+00
2.783333333333333215e+00,5.537080764770507812e-01
2.787500000000000089e+00,-1.244544982910156250e+00
2.791666666666666519e+00,-3.460350036621093750e+00
2.795833333333333393e+00,4.754891824722290039e+02
2.799999999999999822e+00,-4.493637084960937500e+00
2.804166666666666696e+00,-2.947869300842285156e+00
2.808333333333333126e+00,-5.512475967407226562e-01
2.812500000000000000e+00,1.253113746643066406e+00
2.816666666666666430e+00,3.484425544738769531e+00
2.820833333333333304e+00,-4.754509162902832031e+02
2.825000000000000178e+00,4.528942108154296875e+00
2.829166666666666607e+00,2.970786094665527344e+00
2.833333333333333481e+00,5.491590499877929688e-01
2.837499999999999911e+00,-1.263842582702636719e+00
2.841666666666666785e+00,-3.505940437316894531e+00
2.845833333333333215e+00,4.754372406005859375e+02
2.850000000000000089e+00,-4.527726173400878906e+00
2.854166666666666519e+00,-2.989740371704101562e+00
2.858333333333333393e+00,-5.705595016479492188e-01
2.862499999999999822e+00,1.241912841796875000e+00
2.866666666666666696e+00,3.489360809326171875e+00
2.870833333333333126e+00,-4.754517316818237305e+02
2.875000000000000000e+00,4.511632919311523438e+00
2.879166666666666430e+00,2.983675003051757812e+00
2.883333333333333304e+00,5.660820007324218750e-01
2.887500000000000178e+00,-1.234531402587890625e+00
2.891666666666666607e+00,-3.465743064880371094e+00
2.895833333333333481e+00,4.754998111724853516e+02
2.899999999999999911e+00,-4.455356597900390625e+00
2.904166666666666785e+00,-2.960014343261718750e+00
2.908333333333333215e+00,-5.574846267700195312e-01
2.912500000000000089e+00,1.237177848815917969e+00
2.916666666666666519e+00,3.473510742187500000e+00
2.920833333333333393e+00,-4.754909276962280273e+02
2.924999999999999822e+00,4.464497566223144531e+00
2.929166666666666696e+00,2.964305877685546875e+00
2.933333333333333126e+00,5.346536636352539062e-01
2.937500000000000000e+00,-1.269121170043945312e+00
2.941666666666666430e+00,-3.521947860717773438e+00
2.945833333333333304e+00,4.754528188705444336e+02
2.950000000000000178e+00,-4.500360488891601562e+00
2.954166666666666607e+00,-3.002228736877441406e+00
2.958333333333333481e+00,-5.513477325439453125e-01
2.962499999999999911e+00,1.264314651489257812e+00
2.966666666666666785e+00,3.544292449951171875e+00
2.970833333333333215e+00,-4.754265117645263672e+02
2.975000000000000089e+00,4.532446861267089844e+00
2.979166666666666519e+00,3.029923439025878906e+00
2.983333333333333393e+00,5.644512176513671875e-01
2.987499999999999822e+00,-1.243844032287597656e+00
2.991666666666666696e+00,-3.509402275085449219e+00
2.995833333333333126e+00,4.754876947402954102e+02
