0.000000000000000000e+00,9.999880790710449219e-01
4.166666666666666609e-03,-9.999247193336486816e-01
8.333333333333333218e-03,-9.818016886711120605e-01
1.250000000000000069e-02,-9.165964126586914062e-01
1.666666666666666644e-02,-7.909355759620666504e-01
2.083333333333333218e-02,-6.226277351379394531e-01
2.500000000000000139e-02,-4.528381824493408203e-01
2.916666666666666713e-02,-3.093646168708801270e-01
3.333333333333333287e-02,-1.972388029098510742e-01
3.749999999999999861e-02,-1.113128885626792908e-01
4.166666666666666435e-02,-4.508745297789573669e-02
4.583333333333333010e-02,6.685870699584484100e-03
5.000000000000000278e-02,4.780647158622741699e-02
5.416666666666666852e-02,8.095367997884750366e-02
5.833333333333333426e-02,1.080269441008567810e-01
6.250000000000000000e-02,1.303887218236923218e-01
6.666666666666666574e-02,1.490369290113449097e-01
7.083333333333333148e-02,1.647143810987472534e-01
7.499999999999999722e-02,1.779840141534805298e-01
7.916666666666666297e-02,1.892790794372558594e-01
8.333333333333332871e-02,1.989387720823287964e-01
8.749999999999999445e-02,2.072315365076065063e-01
9.166666666666666019e-02,2.143733352422714233e-01
9.583333333333332593e-02,2.205384224653244019e-01
1.000000000000000056e-01,2.258700281381607056e-01
1.041666666666666713e-01,2.304860800504684448e-01
1.083333333333333370e-01,2.344848811626434326e-01
1.125000000000000028e-01,2.379493266344070435e-01
1.166666666666666685e-01,2.409490197896957397e-01
1.208333333333333343e-01,2.435431033372879028e-01
1.250000000000000000e-01,2.457823306322097778e-01
1.291666666666666519e-01,2.477101534605026245e-01
1.333333333333333315e-01,2.493643760681152344e-01
1.375000000000000111e-01,2.507769167423248291e-01
1.416666666666666630e-01,2.519761323928833008e-01
1.458333333333333426e-01,2.529866397380828857e-01
1.499999999999999944e-01,2.538302242755889893e-01
1.541666666666666741e-01,2.545255422592163086e-01
1.583333333333333259e-01,2.550892829895019531e-01
1.625000000000000056e-01,2.555360496044158936e-01
1.666666666666666574e-01,2.558788359165191650e-01
1.708333333333333370e-01,2.561291456222534180e-01
1.749999999999999889e-01,2.562968432903289795e-01
1.791666666666666685e-01,2.563911378383636475e-01
1.833333333333333204e-01,2.564201056957244873e-01
1.875000000000000000e-01,2.563911676406860352e-01
1.916666666666666519e-01,2.563104927539825439e-01
1.958333333333333315e-01,2.561838924884796143e-01
2.000000000000000111e-01,2.560164034366607666e-01
2.041666666666666630e-01,2.558125555515289307e-01
2.083333333333333426e-01,2.555766403675079346e-01
2.124999999999999944e-01,2.553122043609619141e-01
2.166666666666666741e-01,2.550227642059326172e-01
2.208333333333333259e-01,2.547112107276916504e-01
2.250000000000000056e-01,2.543802857398986816e-01
2.291666666666666574e-01,2.540322542190551758e-01
2.333333333333333370e-01,2.536695003509521484e-01
2.374999999999999889e-01,2.532936930656433105e-01
2.416666666666666685e-01,2.529068589210510254e-01
2.458333333333333204e-01,2.525103688240051270e-01
2.500000000000000000e-01,2.521057128906250000e-01
2.541666666666666519e-01,2.516942322254180908e-01
2.583333333333333037e-01,2.512771785259246826e-01
2.625000000000000111e-01,2.508555650711059570e-01
2.666666666666666630e-01,2.504302263259887695e-01
2.708333333333333148e-01,2.500019669532775879e-01
2.750000000000000222e-01,2.495716065168380737e-01
2.791666666666666741e-01,2.491398900747299194e-01
2.833333333333333259e-01,2.487075626850128174e-01
2.874999999999999778e-01,2.482748627662658691e-01
2.916666666666666852e-01,2.478425353765487671e-01
2.958333333333333370e-01,2.474108785390853882e-01
2.999999999999999889e-01,2.469803243875503540e-01
3.041666666666666408e-01,2.465513050556182861e-01
3.083333333333333481e-01,2.461239993572235107e-01
3.125000000000000000e-01,2.456989586353302002e-01
3.166666666666666519e-01,2.452759146690368652e-01
3.208333333333333037e-01,2.448555976152420044e-01
3.250000000000000111e-01,2.444378733634948730e-01
3.291666666666666630e-01,2.440230101346969604e-01
3.333333333333333148e-01,2.436110824346542358e-01
3.375000000000000222e-01,2.432022541761398315e-01
3.416666666666666741e-01,2.427968084812164307e-01
3.458333333333333259e-01,2.423945516347885132e-01
3.499999999999999778e-01,2.419956922531127930e-01
3.541666666666666852e-01,2.416003495454788208e-01
3.583333333333333370e-01,2.412083446979522705e-01
3.624999999999999889e-01,2.408199161291122437e-01
3.666666666666666408e-01,2.404350042343139648e-01
3.708333333333333481e-01,2.400535047054290771e-01
3.750000000000000000e-01,2.396754473447799683e-01
3.791666666666666519e-01,2.393008470535278320e-01
3.833333333333333037e-01,2.389297336339950562e-01
3.875000000000000111e-01,2.385619580745697021e-01
3.916666666666666630e-01,2.381976097822189331e-01
3.958333333333333148e-01,2.378364801406860352e-01
4.000000000000000222e-01,2.374786287546157837e-01
4.041666666666666741e-01,2.371239811182022095e-01
4.083333333333333259e-01,2.367723137140274048e-01
4.124999999999999778e-01,2.364236861467361450e-01
4.166666666666666852e-01,2.360781431198120117e-01
4.208333333333333370e-01,2.357353568077087402e-01
4.249999999999999889e-01,2.353953868150711060e-01
4.291666666666666408e-01,2.350580096244812012e-01
4.333333333333333481e-01,2.347231358289718628e-01
4.375000000000000000e-01,2.343907356262207031e-01
4.416666666666666519e-01,2.340605556964874268e-01
4.458333333333333037e-01,2.337325960397720337e-01
4.500000000000000111e-01,2.334066778421401978e-01
4.541666666666666630e-01,2.330825328826904297e-01
4.583333333333333148e-01,2.327601909637451172e-01
4.624999999999999667e-01,2.324394881725311279e-01
4.666666666666666741e-01,2.321201562881469727e-01
4.708333333333333259e-01,2.318021357059478760e-01
4.749999999999999778e-01,2.314851880073547363e-01
4.791666666666666852e-01,2.311692833900451660e-01
4.833333333333333370e-01,2.308540493249893188e-01
4.874999999999999889e-01,2.305393517017364502e-01
4.916666666666666408e-01,2.302251160144805908e-01
4.958333333333333481e-01,2.299111038446426392e-01
5.000000000000000000e-01,2.295969575643539429e-01
5.041666666666666519e-01,2.292826473712921143e-01
5.083333333333333037e-01,2.289678007364273071e-01
5.124999999999999556e-01,2.286522686481475830e-01
5.166666666666666075e-01,2.283358722925186157e-01
5.208333333333333703e-01,2.280182838439941406e-01
5.250000000000000222e-01,2.276992797851562500e-01
5.291666666666666741e-01,2.273786813020706177e-01
5.333333333333333259e-01,2.270561307668685913e-01
5.374999999999999778e-01,2.267313748598098755e-01
5.416666666666666297e-01,2.264041751623153687e-01
5.458333333333332815e-01,2.260742187500000000e-01
5.500000000000000444e-01,2.257412672042846680e-01
5.541666666666666963e-01,2.254050076007843018e-01
5.583333333333333481e-01,2.250650674104690552e-01
5.625000000000000000e-01,2.247212082147598267e-01
5.666666666666666519e-01,2.243730425834655762e-01
5.708333333333333037e-01,2.240201979875564575e-01
5.749999999999999556e-01,2.236624509096145630e-01
5.791666666666666075e-01,2.232993990182876587e-01
5.833333333333333703e-01,2.229306995868682861e-01
5.875000000000000222e-01,2.225559800863265991e-01
5.916666666666666741e-01,2.221749126911163330e-01
5.958333333333333259e-01,2.217870503664016724e-01
5.999999999999999778e-01,2.213920056819915771e-01
6.041666666666666297e-01,2.209894210100173950e-01
6.083333333333332815e-01,2.205788642168045044e-01
6.125000000000000444e-01,2.201600372791290283e-01
6.166666666666666963e-01,2.197323143482208252e-01
6.208333333333333481e-01,2.192953526973724365e-01
6.250000000000000000e-01,2.188487350940704346e-01
6.291666666666666519e-01,2.183920294046401978e-01
6.333333333333333037e-01,2.179246544837951660e-01
6.374999999999999556e-01,2.174463272094726562e-01
6.416666666666666075e-01,2.169564366340637207e-01
6.458333333333333703e-01,2.164546698331832886e-01
6.500000000000000222e-01,2.159403860569000244e-01
6.541666666666666741e-01,2.154131680727005005e-01
6.583333333333333259e-01,2.148725390434265137e-01
6.624999999999999778e-01,2.143179923295974731e-01
6.666666666666666297e-01,2.137490510940551758e-01
6.708333333333332815e-01,2.131651192903518677e-01
6.750000000000000444e-01,2.125658094882965088e-01
6.791666666666666963e-01,2.119505852460861206e-01
6.833333333333333481e-01,2.113188207149505615e-01
6.875000000000000000e-01,2.106700986623764038e-01
6.916666666666666519e-01,2.100039124488830566e-01
6.958333333333333037e-01,2.093197405338287354e-01
6.999999999999999556e-01,2.086170613765716553e-01
7.041666666666666075e-01,2.078954130411148071e-01
7.083333333333333703e-01,2.071541547775268555e-01
7.125000000000000222e-01,2.063929289579391479e-01
7.166666666666666741e-01,2.056111544370651245e-01
7.208333333333333259e-01,2.048084437847137451e-01
7.249999999999999778e-01,2.039842605590820312e-01
7.291666666666666297e-01,2.031381130218505859e-01
7.333333333333332815e-01,2.022695541381835938e-01
7.375000000000000444e-01,2.013782113790512085e-01
7.416666666666666963e-01,2.004635930061340332e-01
7.458333333333333481e-01,1.995252817869186401e-01
7.500000000000000000e-01,1.985629945993423462e-01
7.541666666666666519e-01,1.975762248039245605e-01
7.583333333333333037e-01,1.965646594762802124e-01
7.624999999999999556e-01,1.955280601978302002e-01
7.666666666666666075e-01,1.944660395383834839e-01
7.708333333333333703e-01,1.933784633874893188e-01
7.750000000000000222e-01,1.922649890184402466e-01
7.791666666666666741e-01,1.911253929138183594e-01
7.833333333333333259e-01,1.899595558643341064e-01
7.874999999999999778e-01,1.887673735618591309e-01
7.916666666666666297e-01,1.875487118959426880e-01
7.958333333333332815e-01,8.992920070886611938e-02
8.000000000000000444e-01,8.819489181041717529e-02
8.041666666666666963e-01,8.792163431644439697e-02
8.083333333333333481e-01,8.910129219293594360e-02
8.125000000000000000e-01,9.168754518032073975e-02
8.166666666666666519e-01,9.559258818626403809e-02
8.208333333333333037e-01,1.006899550557136536e-01
8.249999999999999556e-01,1.068207994103431702e-01
8.291666666666666075e-01,1.138009056448936462e-01
8.333333333333333703e-01,1.214276999235153198e-01
8.375000000000000222e-01,1.294869035482406616e-01
8.416666666666666741e-01,1.377589851617813110e-01
8.458333333333333259e-01,1.460252106189727783e-01
8.499999999999999778e-01,1.539520323276519775e-01
8.541666666666666297e-01,1.614733040332794189e-01
8.583333333333332815e-01,1.684072911739349365e-01
8.624999999999999334e-01,1.745915114879608154e-01
8.666666666666666963e-01,1.753298193216323853e-02
8.708333333333333481e-01,2.764776349067687988e-02
8.750000000000000000e-01,3.565083444118499756e-02
8.791666666666666519e-01,4.143086075782775879e-02
8.833333333333333037e-01,4.492378234863281250e-02
8.874999999999999556e-01,4.611477628350257874e-02
8.916666666666666075e-01,4.503691941499710083e-02
8.958333333333333703e-01,4.176607355475425720e-02
9.000000000000000222e-01,3.641450405120849609e-02
9.041666666666666741e-01,2.912555821239948273e-02
9.083333333333333259e-01,2.006950229406356812e-02
9.124999999999999778e-01,9.439779445528984070e-03
9.166666666666666297e-01,-2.550781937316060066e-03
9.208333333333332815e-01,-1.567392982542514801e-02
9.249999999999999334e-01,-2.969013527035713196e-02
9.291666666666666963e-01,-4.435278847813606262e-02
9.333333333333333481e-01,-5.941234529018402100e-02
9.375000000000000000e-01,-7.462038099765777588e-02
9.416666666666666519e-01,-8.973341435194015503e-02
9.458333333333333037e-01,-1.045164540410041809e-01
9.499999999999999556e-01,-1.187462881207466125e-01
9.541666666666666075e-01,-1.322143375873565674e-01
9.583333333333333703e-01,-1.447291821241378784e-01
9.625000000000000222e-01,-1.561186015605926514e-01
9.666666666666666741e-01,-1.662312448024749756e-01
9.708333333333333259e-01,-1.749376952648162842e-01
9.749999999999999778e-01,-1.821309626102447510e-01
9.791666666666666297e-01,-1.877257674932479858e-01
9.833333333333332815e-01,-1.916553527116775513e-01
9.874999999999999334e-01,-1.938610821962356567e-01
9.916666666666666963e-01,-1.942800283432006836e-01
9.958333333333333481e-01,-1.929613053798675537e-01
1.000000000000000000e+00,-1.900384724140167236e-01
1.004166666666666652e+00,-1.856037229299545288e-01
1.008333333333333304e+00,-1.797436028718948364e-01
1.012499999999999956e+00,-1.724328547716140747e-01
1.016666666666666607e+00,-1.638887822628021240e-01
1.020833333333333259e+00,-1.542360037565231323e-01
1.024999999999999911e+00,-1.436112076044082642e-01
1.029166666666666563e+00,-1.321615278720855713e-01
1.033333333333333215e+00,-1.200427040457725525e-01
1.037500000000000089e+00,-1.074170172214508057e-01
1.041666666666666741e+00,-9.445119649171829224e-02
1.045833333333333393e+00,-8.131430298089981079e-02
1.050000000000000044e+00,-6.817554682493209839e-02
1.054166666666666696e+00,-5.520220100879669189e-02
1.058333333333333348e+00,-4.255751520395278931e-02
1.062500000000000000e+00,-3.039876557886600494e-02
1.066666666666666652e+00,-1.887569017708301544e-02
1.070833333333333304e+00,-8.130124770104885101e-03
1.074999999999999956e+00,1.710794051177799702e-03
1.079166666666666607e+00,1.053288020193576813e-02
1.083333333333333259e+00,1.823621056973934174e-02
1.087499999999999911e+00,-5.214600563049316406e-01
1.091666666666666563e+00,-5.281797647476196289e-01
1.095833333333333215e+00,-5.162171125411987305e-01
1.100000000000000089e+00,-5.161844491958618164e-01
1.104166666666666741e+00,-5.072759985923767090e-01
1.108333333333333393e+00,-5.010291934013366699e-01
1.112500000000000044e+00,-4.974513351917266846e-01
1.116666666666666696e+00,-4.965680837631225586e-01
1.120833333333333348e+00,-4.983281195163726807e-01
1.125000000000000000e+00,-5.026302933692932129e-01
1.129166666666666652e+00,-5.093412995338439941e-01
1.133333333333333304e+00,-5.182976722717285156e-01
1.137499999999999956e+00,-5.293063521385192871e-01
1.141666666666666607e+00,-6.106436848640441895e-01
1.145833333333333259e+00,-6.850091218948364258e-01
1.149999999999999911e+00,-6.995019912719726562e-01
1.154166666666666563e+00,-7.145047187805175781e-01
1.158333333333333215e+00,-7.297726273536682129e-01
1.162500000000000089e+00,-7.450627684593200684e-01
1.166666666666666741e+00,-7.601370215415954590e-01
1.170833333333333393e+00,-7.747660279273986816e-01
1.175000000000000044e+00,-7.887321710586547852e-01
1.179166666666666696e+00,-8.249953985214233398e-01
1.183333333333333348e+00,-8.365995883941650391e-01
1.187500000000000000e+00,-8.540098667144775391e-01
1.191666666666666652e+00,-8.625990748405456543e-01
1.195833333333333304e+00,-8.695093989372253418e-01
1.199999999999999956e+00,-8.746500015258789062e-01
1.204166666666666607e+00,-8.779591917991638184e-01
1.208333333333333259e+00,-8.794044852256774902e-01
1.212499999999999911e+00,-8.789818882942199707e-01
1.216666666666666563e+00,-8.767155408859252930e-01
1.220833333333333215e+00,-8.726560473442077637e-01
1.225000000000000089e+00,-8.668795824050903320e-01
1.229166666666666741e+00,-8.594856262207031250e-01
1.233333333333333393e+00,-8.505951762199401855e-01
1.237500000000000044e+00,-8.403486609458923340e-01
1.241666666666666696e+00,-9.448263645172119141e-01
1.245833333333333348e+00,-9.825598597526550293e-01
1.250000000000000000e+00,-9.868708252906799316e-01
1.254166666666666652e+00,-9.895603060722351074e-01
1.258333333333333304e+00,-9.870297312736511230e-01
1.262499999999999956e+00,-9.336526393890380859e-01
1.266666666666666607e+00,-9.004991650581359863e-01
1.270833333333333259e+00,-7.453455328941345215e-01
1.274999999999999911e+00,-5.217385292053222656e-01
1.279166666666666563e+00,-2.461376935243606567e-01
1.283333333333333215e+00,5.982134491205215454e-02
1.287500000000000089e+00,1.986561268568038940e-01
1.291666666666666741e+00,5.097131729125976562e-01
1.295833333333333393e+00,6.448074579238891602e-01
1.300000000000000044e+00,7.617706656455993652e-01
1.304166666666666696e+00,8.445648550987243652e-01
1.308333333333333348e+00,8.769389986991882324e-01
1.312500000000000000e+00,8.477001190185546875e-01
1.316666666666666652e+00,8.328502774238586426e-01
1.320833333333333304e+00,7.194250226020812988e-01
1.324999999999999956e+00,5.566185712814331055e-01
1.329166666666666607e+00,4.983860850334167480e-01
1.333333333333333259e+00,2.985549867153167725e-01
1.337499999999999911e+00,1.004031002521514893e-01
1.341666666666666563e+00,3.088194131851196289e-02
1.345833333333333215e+00,-1.645766645669937134e-01
1.350000000000000089e+00,-3.497749567031860352e-01
1.354166666666666741e+00,-5.214663743972778320e-01
1.358333333333333393e+00,-6.740241050720214844e-01
1.362500000000000044e+00,-8.758586645126342773e-01
1.366666666666666696e+00,-9.558543562889099121e-01
1.370833333333333348e+00,-8.036797642707824707e-01
1.375000000000000000e+00,-4.008061289787292480e-01
1.379166666666666652e+00,1.264116019010543823e-01
1.383333333333333304e+00,6.162821650505065918e-01
1.387499999999999956e+00,8.326601386070251465e-01
1.391666666666666607e+00,9.129047989845275879e-01
1.395833333333333259e+00,8.177151083946228027e-01
1.399999999999999911e+00,5.521316528320312500e-01
1.404166666666666563e+00,3.817218542098999023e-01
1.408333333333333215e+00,3.210531175136566162e-02
1.412500000000000089e+00,-1.770678311586380005e-01
1.416666666666666741e+00,-5.243960022926330566e-01
1.420833333333333393e+00,-6.890324950218200684e-01
1.425000000000000044e+00,-8.843702673912048340e-01
1.429166666666666696e+00,-9.218879342079162598e-01
1.433333333333333348e+00,-7.931867241859436035e-01
1.437500000000000000e+00,-5.421341657638549805e-01
1.441666666666666652e+00,-2.067824453115463257e-01
1.445833333333333304e+00,1.614335328340530396e-01
1.449999999999999956e+00,5.034216046333312988e-01
1.454166666666666607e+00,7.691794037818908691e-01
1.458333333333333259e+00,8.670871853828430176e-01
1.462499999999999911e+00,9.359164237976074219e-01
1.466666666666666563e+00,9.089542031288146973e-01
1.470833333333333215e+00,7.411737442016601562e-01
1.475000000000000089e+00,6.004824042320251465e-01
1.479166666666666741e+00,4.274740219116210938e-01
1.483333333333333393e+00,2.292561978101730347e-01
1.487500000000000044e+00,-1.447034478187561035e-01
1.491666666666666696e+00,-3.431741297245025635e-01
1.495833333333333348e+00,-5.275282263755798340e-01
1.500000000000000000e+00,-6.866150498390197754e-01
1.504166666666666652e+00,-8.100871443748474121e-01
1.508333333333333304e+00,-8.902123570442199707e-01
1.512499999999999956e+00,-9.220708608627319336e-01
1.516666666666666607e+00,-8.523545265197753906e-01
1.520833333333333259e+00,-7.551174163818359375e-01
1.524999999999999911e+00,-6.179319024085998535e-01
1.529166666666666563e+00,-2.900924682617187500e-01
1.533333333333333215e+00,-9.195073693990707397e-02
1.537500000000000089e+00,2.851371467113494873e-01
1.541666666666666741e+00,4.719063043594360352e-01
1.545833333333333393e+00,7.582677602767944336e-01
1.550000000000000044e+00,9.260888099670410156e-01
1.554166666666666696e+00,9.589995741844177246e-01
1.558333333333333348e+00,8.921390175819396973e-01
1.562500000000000000e+00,6.830289959907531738e-01
1.566666666666666652e+00,5.227767825126647949e-01
1.570833333333333304e+00,1.678427159786224365e-01
1.574999999999999956e+00,-2.104133665561676025e-01
1.579166666666666607e+00,-4.087185859680175781e-01
1.583333333333333259e+00,-7.060989737510681152e-01
1.587499999999999911e+00,-8.875706791877746582e-01
1.591666666666666563e+00,-9.283690452575683594e-01
1.595833333333333215e+00,-8.733782768249511719e-01
1.600000000000000089e+00,-6.772603988647460938e-01
1.604166666666666741e+00,-3.708371520042419434e-01
1.608333333333333393e+00,-1.717943400144577026e-01
1.612500000000000044e+00,2.154494822025299072e-01
1.616666666666666696e+00,5.658420920372009277e-01
1.620833333333333348e+00,8.252203464508056641e-01
1.625000000000000000e+00,9.542834162712097168e-01
1.629166666666666652e+00,9.288110136985778809e-01
1.633333333333333304e+00,8.510645627975463867e-01
1.637499999999999956e+00,6.017056107521057129e-01
1.641666666666666607e+00,2.593179941177368164e-01
1.645833333333333259e+00,-1.229221224784851074e-01
1.649999999999999911e+00,-3.301950693130493164e-01
1.654166666666666563e+00,-6.539903879165649414e-01
1.658333333333333215e+00,-8.676007986068725586e-01
1.662499999999999867e+00,-9.278482794761657715e-01
1.666666666666666741e+00,-9.030741453170776367e-01
1.670833333333333393e+00,-7.289951443672180176e-01
1.675000000000000044e+00,-4.420222640037536621e-01
1.679166666666666696e+00,-2.472168356180191040e-01
1.683333333333333348e+00,1.398538500070571899e-01
1.687500000000000000e+00,5.024996995925903320e-01
1.691666666666666652e+00,7.842862010002136230e-01
1.695833333333333304e+00,9.415636658668518066e-01
1.699999999999999956e+00,9.459313154220581055e-01
1.704166666666666607e+00,7.970989346504211426e-01
1.708333333333333259e+00,5.254111289978027344e-01
1.712499999999999911e+00,1.700694561004638672e-01
1.716666666666666563e+00,-2.141244709491729736e-01
1.720833333333333215e+00,-5.609912872314453125e-01
1.724999999999999867e+00,-8.184695243835449219e-01
1.729166666666666741e+00,-9.088336825370788574e-01
1.733333333333333393e+00,-9.423060417175292969e-01
1.737500000000000044e+00,-8.079924583435058594e-01
1.741666666666666696e+00,-5.449422597885131836e-01
1.745833333333333348e+00,-1.945755630731582642e-01
1.750000000000000000e+00,1.879514902830123901e-01
1.754166666666666652e+00,5.402188897132873535e-01
1.758333333333333304e+00,8.093671798706054688e-01
1.762499999999999956e+00,9.511884450912475586e-01
1.766666666666666607e+00,9.378154277801513672e-01
1.770833333333333259e+00,7.716003060340881348e-01
1.774999999999999911e+00,4.803576767444610596e-01
1.779166666666666563e+00,1.072061434388160706e-01
1.783333333333333215e+00,-2.858564853668212891e-01
1.787499999999999867e+00,-6.285731196403503418e-01
1.791666666666666741e+00,-8.667636513710021973e-01
1.795833333333333393e+00,-9.592029452323913574e-01
1.800000000000000044e+00,-8.841074109077453613e-01
1.804166666666666696e+00,-6.634637713432312012e-01
1.808333333333333348e+00,-3.395477235317230225e-01
1.812500000000000000e+00,4.152326285839080811e-02
1.816666666666666652e+00,4.162177443504333496e-01
1.820833333333333304e+00,7.234132885932922363e-01
1.824999999999999956e+00,9.157984256744384766e-01
1.829166666666666607e+00,9.570727348327636719e-01
1.833333333333333259e+00,8.372932672500610352e-01
1.837499999999999911e+00,5.830276608467102051e-01
1.841666666666666563e+00,5.678487941622734070e-02
1.845833333333333215e+00,-1.542968899011611938e-01
1.849999999999999867e+00,-5.185704827308654785e-01
1.854166666666666741e+00,-7.958872914314270020e-01
1.858333333333333393e+00,-9.440543055534362793e-01
1.862500000000000044e+00,-9.333746433258056641e-01
1.866666666666666696e+00,-7.668702602386474609e-01
1.870833333333333348e+00,-4.839066565036773682e-01
1.875000000000000000e+00,-1.249558702111244202e-01
1.879166666666666652e+00,2.548417150974273682e-01
1.883333333333333304e+00,5.915418863296508789e-01
1.887499999999999956e+00,8.371725678443908691e-01
1.891666666666666607e+00,9.501122832298278809e-01
1.895833333333333259e+00,9.064962267875671387e-01
1.899999999999999911e+00,7.190068364143371582e-01
1.904166666666666563e+00,4.168202280998229980e-01
1.908333333333333215e+00,4.359776154160499573e-02
1.912499999999999867e+00,-3.383252322673797607e-01
1.916666666666666741e+00,-6.655615568161010742e-01
1.920833333333333393e+00,-8.867129087448120117e-01
1.925000000000000044e+00,-9.612904191017150879e-01
1.929166666666666696e+00,-8.731554746627807617e-01
1.933333333333333348e+00,-7.588585019111633301e-01
1.937500000000000000e+00,-4.545328021049499512e-01
1.941666666666666652e+00,-7.272113114595413208e-02
1.945833333333333304e+00,3.199193775653839111e-01
1.949999999999999956e+00,6.530564427375793457e-01
1.954166666666666607e+00,8.789662122726440430e-01
1.958333333333333259e+00,9.607753157615661621e-01
1.962499999999999911e+00,8.808438181877136230e-01
1.966666666666666563e+00,6.600205302238464355e-01
1.970833333333333215e+00,3.345678746700286865e-01
1.974999999999999867e+00,-4.902709275484085083e-02
1.979166666666666741e+00,-4.263999164104461670e-01
1.983333333333333393e+00,-8.344640731811523438e-01
1.987500000000000044e+00,-9.566879868507385254e-01
1.991666666666666696e+00,-9.221226572990417480e-01
1.995833333333333348e+00,-7.375566959381103516e-01
2.000000000000000000e+00,-4.347837567329406738e-01
2.004166666666666430e+00,-5.672945082187652588e-02
2.008333333333333304e+00,4.920816123485565186e-01
2.012500000000000178e+00,7.775576114654541016e-01
2.016666666666666607e+00,9.404534101486206055e-01
2.020833333333333481e+00,9.461634755134582520e-01
2.024999999999999911e+00,7.917813658714294434e-01
2.029166666666666785e+00,5.077764391899108887e-01
2.033333333333333215e+00,-4.275794699788093567e-02
2.037500000000000089e+00,-4.206986725330352783e-01
2.041666666666666519e+00,-7.316684722900390625e-01
2.045833333333333393e+00,-9.251833558082580566e-01
2.049999999999999822e+00,-9.630522131919860840e-01
2.054166666666666696e+00,-7.270914316177368164e-01
2.058333333333333126e+00,-4.195292592048645020e-01
2.062500000000000000e+00,-3.947915881872177124e-02
2.066666666666666430e+00,3.509205281734466553e-01
2.070833333333333304e+00,7.962071299552917480e-01
2.075000000000000178e+00,9.503158926963806152e-01
2.079166666666666607e+00,9.460418224334716797e-01
2.083333333333333481e+00,6.616018414497375488e-01
2.087499999999999911e+00,3.329880237579345703e-01
2.091666666666666785e+00,-5.569619312882423401e-02
2.095833333333333215e+00,-5.902026295661926270e-01
2.100000000000000089e+00,-8.473131656646728516e-01
2.104166666666666519e+00,-9.656212925910949707e-01
2.108333333333333393e+00,-8.501577973365783691e-01
2.112499999999999822e+00,-5.957258939743041992e-01
2.116666666666666696e+00,-6.156634539365768433e-02
2.120833333333333126e+00,3.286808431148529053e-01
2.125000000000000000e+00,7.829540967941284180e-01
2.129166666666666430e+00,9.470906257629394531e-01
2.133333333333333304e+00,9.535422325134277344e-01
2.137500000000000178e+00,6.776201128959655762e-01
2.141666666666666607e+00,3.510422408580780029e-01
2.145833333333333481e+00,-2.172924876213073730e-01
2.149999999999999911e+00,-5.721457600593566895e-01
2.154166666666666785e+00,-9.134721159934997559e-01
2.158333333333333215e+00,-9.712020158767700195e-01
2.162500000000000089e+00,-7.665821313858032227e-01
2.166666666666666519e+00,-4.715568423271179199e-01
2.170833333333333393e+00,8.711711317300796509e-02
2.174999999999999822e+00,4.654993414878845215e-01
2.179166666666666696e+00,8.649284839630126953e-01
2.183333333333333126e+00,9.716125726699829102e-01
2.187500000000000000e+00,8.278847932815551758e-01
2.191666666666666430e+00,5.599576234817504883e-01
2.195833333333333304e+00,1.592837832868099213e-02
2.200000000000000178e+00,-3.732299506664276123e-01
2.204166666666666607e+00,-8.139262795448303223e-01
2.208333333333333481e+00,-9.608797430992126465e-01
2.212499999999999911e+00,-8.810949921607971191e-01
2.216666666666666785e+00,-6.469638347625732422e-01
2.220833333333333215e+00,-1.291577965021133423e-01
2.225000000000000089e+00,2.628978490829467773e-01
2.229166666666666519e+00,7.413746714591979980e-01
2.233333333333333393e+00,9.303271174430847168e-01
2.237499999999999822e+00,9.251048564910888672e-01
2.241666666666666696e+00,7.330859899520874023e-01
2.245833333333333126e+00,2.549044489860534668e-01
2.250000000000000000e+00,-1.341632604598999023e-01
2.254166666666666430e+00,-6.482009291648864746e-01
2.258333333333333304e+00,-8.812395930290222168e-01
2.262500000000000178e+00,-9.573801159858703613e-01
2.266666666666666607e+00,-8.153524398803710938e-01
2.270833333333333481e+00,-3.846398890018463135e-01
2.274999999999999911e+00,-3.471568459644913673e-03
2.279166666666666785e+00,5.407532453536987305e-01
2.283333333333333215e+00,8.154010772705078125e-01
2.287500000000000089e+00,9.707185626029968262e-01
2.291666666666666519e+00,8.794703483581542969e-01
2.295833333333333393e+00,6.423637270927429199e-01
2.299999999999999822e+00,1.199239268898963928e-01
2.304166666666666696e+00,-2.745652496814727783e-01
2.308333333333333126e+00,-7.493124008178710938e-01
2.312500000000000000e+00,-9.342675805091857910e-01
2.316666666666666430e+00,-9.210556745529174805e-01
2.320833333333333304e+00,-7.261890769004821777e-01
2.325000000000000178e+00,-2.446734011173248291e-01
2.329166666666666607e+00,1.485786288976669312e-01
2.333333333333333481e+00,6.631119251251220703e-01
2.337499999999999911e+00,8.932785391807556152e-01
2.341666666666666785e+00,9.538207054138183594e-01
2.345833333333333215e+00,7.954773902893066406e-01
2.350000000000000089e+00,3.431851565837860107e-01
2.354166666666666519e+00,-4.745421186089515686e-02
2.358333333333333393e+00,-5.870796442031860352e-01
2.362499999999999822e+00,-8.468946218490600586e-01
2.366666666666666696e+00,-9.703286290168762207e-01
2.370833333333333126e+00,-8.564934730529785156e-01
2.375000000000000000e+00,-4.516223967075347900e-01
2.379166666666666430e+00,1.026258766651153564e-01
2.383333333333333304e+00,4.736771285533905029e-01
2.387500000000000178e+00,8.671209812164306641e-01
2.391666666666666607e+00,9.727618098258972168e-01
2.395833333333333481e+00,8.301315903663635254e-01
2.399999999999999911e+00,4.101538956165313721e-01
2.404166666666666785e+00,2.865637466311454773e-02
2.408333333333333215e+00,-5.234114527702331543e-01
2.412500000000000089e+00,-8.073046803474426270e-01
2.416666666666666519e+00,-9.745810031890869141e-01
2.420833333333333393e+00,-8.880915641784667969e-01
2.424999999999999822e+00,-5.073862671852111816e-01
2.429166666666666696e+00,4.244337603449821472e-02
2.433333333333333126e+00,4.235619306564331055e-01
2.437500000000000000e+00,8.416157960891723633e-01
2.441666666666666430e+00,9.690811634063720703e-01
2.445833333333333304e+00,8.578911423683166504e-01
2.450000000000000178e+00,4.571801424026489258e-01
2.454166666666666607e+00,8.011621236801147461e-02
2.458333333333333481e+00,-4.822819232940673828e-01
2.462499999999999911e+00,-7.803112268447875977e-01
2.466666666666666785e+00,-9.749212861061096191e-01
2.470833333333333215e+00,-8.217527866363525391e-01
2.475000000000000089e+00,-5.515543818473815918e-01
2.479166666666666519e+00,-6.899296306073665619e-03
2.483333333333333393e+00,5.387570858001708984e-01
2.487499999999999822e+00,8.157312870025634766e-01
2.491666666666666696e+00,9.747603535652160645e-01
2.495833333333333126e+00,7.899247407913208008e-01
2.500000000000000000e+00,5.033010244369506836e-01
2.504166666666666430e+00,-5.377423390746116638e-02
2.508333333333333304e+00,-5.903605222702026367e-01
2.512500000000000178e+00,-8.505667448043823242e-01
2.516666666666666607e+00,-9.715171456336975098e-01
2.520833333333333481e+00,-7.492901086807250977e-01
2.524999999999999911e+00,-4.457953274250030518e-01
2.529166666666666785e+00,1.194244697690010071e-01
2.533333333333333215e+00,6.402004957199096680e-01
2.537500000000000089e+00,8.797466754913330078e-01
2.541666666666666519e+00,9.624283909797668457e-01
2.545833333333333393e+00,7.072264552116394043e-01
2.549999999999999822e+00,3.879845142364501953e-01
2.554166666666666696e+00,-1.835660189390182495e-01
2.558333333333333126e+00,-6.876260042190551758e-01
2.562500000000000000e+00,-9.067950248718261719e-01
2.566666666666666430e+00,-9.508804082870483398e-01
2.570833333333333304e+00,-6.631302237510681152e-01
2.575000000000000178e+00,-3.301831483840942383e-01
2.579166666666666607e+00,2.451238632202148438e-01
2.583333333333333481e+00,7.306240200996398926e-01
2.587499999999999911e+00,9.276943206787109375e-01
2.591666666666666785e+00,9.323273301124572754e-01
2.595833333333333215e+00,6.143835783004760742e-01
2.600000000000000089e+00,2.685357332229614258e-01
2.604166666666666519e+00,-3.069045245647430420e-01
2.608333333333333393e+00,-7.713270783424377441e-01
2.612499999999999822e+00,-9.466021060943603516e-01
2.616666666666666696e+00,-9.139648079872131348e-01
2.620833333333333126e+00,-5.676515698432922363e-01
2.625000000000000000e+00,-2.109584361314773560e-01
2.629166666666666430e+00,3.635861575603485107e-01
2.633333333333333304e+00,8.067597150802612305e-01
2.637500000000000178e+00,9.588715434074401855e-01
2.641666666666666607e+00,8.871841430664062500e-01
2.645833333333333481e+00,5.136124491691589355e-01
2.649999999999999911e+00,1.463277935981750488e-01
2.654166666666666785e+00,-4.233213961124420166e-01
2.658333333333333215e+00,-8.423148393630981445e-01
2.662500000000000089e+00,-9.707813858985900879e-01
2.666666666666666519e+00,-8.617036938667297363e-01
2.670833333333333393e+00,-4.613323807716369629e-01
2.674999999999999822e+00,-8.569268882274627686e-02
2.679166666666666696e+00,4.779535830020904541e-01
2.683333333333333126e+00,8.713064789772033691e-01
2.687500000000000000e+00,9.743635058403015137e-01
2.691666666666666430e+00,8.268666863441467285e-01
2.695833333333333304e+00,4.022390544414520264e-01
2.700000000000000178e+00,1.952698454260826111e-02
2.704166666666666607e+00,-5.335216522216796875e-01
2.708333333333333481e+00,-8.995332717895507812e-01
2.712499999999999911e+00,-9.779895544052124023e-01
2.716666666666666785e+00,-7.955714464187622070e-01
2.720833333333333215e+00,-3.481277525424957275e-01
2.725000000000000089e+00,3.938319906592369080e-02
2.729166666666666519e+00,5.814650058746337891e-01
2.733333333333333393e+00,9.195838570594787598e-01
2.737499999999999822e+00,9.726610183715820312e-01
2.741666666666666696e+00,7.559791803359985352e-01
2.745833333333333126e+00,2.886359095573425293e-01
2.750000000000000000e+00,-1.030178889632225037e-01
2.754166666666666430e+00,-6.308569908142089844e-01
2.758333333333333304e+00,-9.403242468833923340e-01
2.762500000000000178e+00,-9.686283469200134277e-01
2.766666666666666607e+00,-7.193064689636230469e-01
2.770833333333333481e+00,-2.314071357250213623e-01
2.774999999999999911e+00,1.627858430147171021e-01
2.779166666666666785e+00,6.756897568702697754e-01
2.783333333333333215e+00,9.536347985267639160e-01
2.787500000000000089e+00,9.548023343086242676e-01
2.791666666666666519e+00,6.721914410591125488e-01
2.795833333333333393e+00,1.666563153266906738e-01
2.799999999999999822e+00,-2.282335758209228516e-01
2.804166666666666696e+00,-7.221161723136901855e-01
2.808333333333333126e+00,-9.671454429626464844e-01
2.812500000000000000e+00,-9.421399235725402832e-01
2.816666666666666430e+00,-6.284906268119812012e-01
2.820833333333333304e+00,-1.062267422676086426e-01
2.825000000000000178e+00,2.868055999279022217e-01
2.829166666666666607e+00,7.607014775276184082e-01
2.833333333333333481e+00,9.715169072151184082e-01
2.837499999999999911e+00,9.200401306152343750e-01
2.841666666666666785e+00,5.780307054519653320e-01
2.845833333333333215e+00,4.388170689344406128e-02
2.850000000000000089e+00,-3.458484709262847900e-01
2.854166666666666519e+00,-7.981179952621459961e-01
2.858333333333333393e+00,-9.762272238731384277e-01
2.862499999999999822e+00,-9.007251262664794922e-01
2.866666666666666696e+00,-5.325890779495239258e-01
2.870833333333333126e+00,1.404342893511056900e-02
2.875000000000000000e+00,3.996682763099670410e-01
2.879166666666666430e+00,8.299550414085388184e-01
2.883333333333333304e+00,9.727087020874023438e-01
2.887500000000000178e+00,8.713169097900390625e-01
2.891666666666666607e+00,4.766671359539031982e-01
2.895833333333333481e+00,-7.925868034362792969e-02
2.899999999999999911e+00,-4.590375125408172607e-01
2.904166666666666785e+00,-8.639972805976867676e-01
2.908333333333333215e+00,-9.695920944213867188e-01
2.912500000000000089e+00,-8.427324295043945312e-01
2.916666666666666519e+00,-4.214263856410980225e-01
2.920833333333333393e+00,1.438812464475631714e-01
2.924999999999999822e+00,5.149057507514953613e-01
2.929166666666666696e+00,8.915525078773498535e-01
2.933333333333333126e+00,9.565205574035644531e-01
2.937500000000000000e+00,8.038581609725952148e-01
2.941666666666666430e+00,3.586027324199676514e-01
2.945833333333333304e+00,-2.096621543169021606e-01
2.950000000000000178e+00,-5.696671605110168457e-01
2.954166666666666607e+00,-9.168139100074768066e-01
2.958333333333333481e+00,-9.443827867507934570e-01
2.962499999999999911e+00,-7.699007987976074219e-01
2.966666666666666785e+00,-3.042123615741729736e-01
2.970833333333333215e+00,2.667329907417297363e-01
2.975000000000000089e+00,6.152435541152954102e-01
2.979166666666666519e+00,9.338234663009643555e-01
2.983333333333333393e+00,9.239907264709472656e-01
2.987499999999999822e+00,7.284395694732666016e-01
2.991666666666666696e+00,2.437978535890579224e-01
2.995833333333333126e+00,-3.258963823318481445e-01
